trial,outcome,center_in,center_out,side_in,last_side_out,actions,reward,trial_types,odors,port_side,schedule,odor_name,odor_dur
1,2184.979545,2184.011545,2184.323546,2184.979545,2191.174545,1,NaN,0,5.99999999999996,2,1,65,0.5
2,2192.935549,2191.534045,2191.716049,2192.882545,2197.916545,0,2.99999999999994,0.0299999999999997,5.99999999999996,2,1,65,0.5
3,2198.722048,2198.198545,2198.399045,2198.722048,2209.575045,1,NaN,0,5.99999999999996,2,1,65,0.5
4,2211.273045,2210.444545,2210.857045,2211.221045,2217.159545,1,2.99999999999994,0.0299999999999997,7.00000000000003,1,2,66,0.5
5,2218.767545,2218.228545,2218.340045,2218.714545,2223.215045,0,2.99999999999994,0.0299999999999997,5.99999999999996,2,1,65,0.5
6,2223.981545,2223.523045,2223.702045,2223.981545,2227.398049,1,NaN,0,5.99999999999996,2,1,65,0.5
7,2230.569045,2229.776045,2230.185045,2230.516545,2235.607045,1,2.99999999999994,0.0299999999999997,7.00000000000003,1,2,66,0.5
8,2237.220545,2236.742045,2236.875545,2237.220545,2249.251545,0,NaN,0,7.00000000000003,1,2,66,0.5
9,2250.734045,2249.965045,2250.189045,2250.681045,2252.630545,1,2.99999999999994,0.0299999999999997,7.00000000000003,1,2,66,0.5
10,2253.743045,2252.965045,2253.344045,2253.689545,2263.677049,0,2.99999999999994,0.0299999999999997,5.99999999999996,2,1,65,0.5
11,2264.855547,2264.096045,2264.409049,2264.855547,2270.349045,1,NaN,0,5.99999999999996,2,1,65,0.5
12,2272.769545,2272.159545,2272.483545,2272.769545,2282.177545,1,NaN,0,5.99999999999996,2,1,65,0.5
13,2285.637545,2284.802545,2285.140545,2285.584545,2288.476545,1,2.99999999999994,0.0299999999999997,7.00000000000003,1,2,66,0.5
14,2289.680545,2288.830045,2289.243545,2289.627545,2292.060045,0,2.99999999999994,0.0299999999999997,5.99999999999996,2,1,65,0.5
15,2293.825545,2292.801545,2293.353545,2293.773545,2296.629045,1,2.99999999999994,0.0299999999999997,7.00000000000003,1,2,66,0.5
16,2298.171545,2297.262545,2297.680545,2298.118545,2300.155045,0,2.99999999999994,0.0299999999999997,5.99999999999996,2,1,65,0.5
17,2301.578549,2300.711045,2301.069549,2301.526049,2303.904545,0,2.99999999999994,0.0299999999999997,5.99999999999996,2,1,65,0.5
18,2305.157545,2304.319545,2304.738045,2305.104545,2307.498045,1,2.99999999999994,0.0299999999999997,7.00000000000003,1,2,66,0.5
19,2308.879045,2308.012045,2308.408545,2308.826045,2311.054545,0,2.99999999999994,0.0299999999999997,5.99999999999996,2,1,65,0.5
20,2313.067548,2312.13755,2312.624045,2313.015045,2315.650545,1,2.99999999999994,0.0299999999999997,7.00000000000003,1,2,66,0.5
21,2316.985045,2316.085045,2316.542045,2316.932545,2319.375045,1,2.99999999999994,0.0299999999999997,7.00000000000003,1,2,66,0.5
22,2320.817045,2319.980545,2320.383545,2320.817045,2323.430545,1,NaN,0,5.99999999999996,2,1,65,0.5
23,2327.744545,2326.881545,2327.313045,2327.692045,2329.795545,0,2.99999999999994,0.0299999999999997,5.99999999999996,2,1,65,0.5
24,2331.315545,2330.578545,2330.891545,2331.262545,2333.263545,0,2.99999999999994,0.0299999999999997,5.99999999999996,2,1,65,0.5
25,2334.542045,2333.696045,2334.127545,2334.488545,2336.863045,1,2.99999999999994,0.0299999999999997,7.00000000000003,1,2,66,0.5
26,2338.149549,2337.231545,2337.684545,2338.097045,2340.338045,1,2.99999999999994,0.0299999999999997,7.00000000000003,1,2,66,0.5
27,2341.531045,2340.697045,2341.066045,2341.478545,2343.299545,0,2.99999999999994,0.0299999999999997,5.99999999999996,2,1,65,0.5
28,2344.631545,2343.829545,2344.240545,2344.578549,2347.004045,1,2.99999999999994,0.0299999999999997,7.00000000000003,1,2,66,0.5
29,2348.095045,2347.400046,2347.735045,2348.042545,2349.882545,0,2.99999999999994,0.0299999999999997,5.99999999999996,2,1,65,0.5
30,2351.750045,2350.933546,2351.331545,2351.696549,2353.194545,1,2.99999999999994,0.0299999999999997,7.00000000000003,1,2,66,0.5
31,2354.693545,2353.932045,2354.271545,2354.693545,2356.226045,1,NaN,0,5.99999999999996,2,1,65,0.5
32,2362.205545,2361.486045,2361.780546,2362.152545,2363.961045,0,2.99999999999994,0.0299999999999997,5.99999999999996,2,1,65,0.5
33,2365.696045,2365.090546,2365.319545,2365.643545,2367.302545,0,2.99999999999994,0.0299999999999997,5.99999999999996,2,1,65,0.5
34,2368.964045,2368.144545,2368.558045,2368.911545,2370.905546,1,2.99999999999994,0.0299999999999997,7.00000000000003,1,2,66,0.5
35,2372.384045,2371.574546,2372.024545,2372.331545,2374.459549,1,2.99999999999994,0.0299999999999997,7.00000000000003,1,2,66,0.5
36,2375.681046,2374.798045,2375.299545,2375.628049,2377.669045,1,2.99999999999994,0.0299999999999997,7.00000000000003,1,2,66,0.5
37,2378.744045,2378.055045,2378.371545,2378.690545,2380.382545,0,2.99999999999994,0.0299999999999997,5.99999999999996,2,1,65,0.5
38,2382.927545,2382.299545,2382.642045,2382.927545,2388.594045,1,NaN,0,5.99999999999996,2,1,65,0.5
39,2389.609045,2388.984545,2389.314046,2389.579545,2393.069045,0,2.99999999999994,0.0299999999999997,5.99999999999996,2,1,65,0.5
40,2394.099546,2393.406545,2393.711545,2394.047545,2395.872046,0,2.99999999999994,0.0299999999999997,5.99999999999996,2,1,65,0.5
41,2397.424547,2396.843039,2397.076545,2397.371546,2399.206545,0,2.99999999999994,0.0299999999999997,5.99999999999996,2,1,65,0.5
42,2400.267545,2399.709545,2399.914045,2400.214045,2401.773045,0,2.99999999999994,0.0299999999999997,5.99999999999996,2,1,65,0.5
43,2403.373545,2402.726045,2403.033049,2403.373545,2410.883545,0,NaN,0,7.00000000000003,1,2,66,0.5
44,2412.410545,2411.795045,2412.027046,2412.358045,2413.923545,0,2.99999999999994,0.0299999999999997,5.99999999999996,2,1,65,0.5
45,2415.644545,2415.077045,2415.309047,2415.592045,2418.575545,0,2.99999999999994,0.0299999999999997,5.99999999999996,2,1,65,0.5
46,2419.925545,2418.952045,2419.470045,2419.872545,2422.894045,1,2.99999999999994,0.0299999999999997,7.00000000000003,1,2,66,0.5
47,2426.111545,2425.404545,2425.713549,2426.058545,2426.719545,0,2.99999999999994,0.0299999999999997,5.99999999999996,2,1,65,0.5
48,2428.918545,2427.859045,2428.484545,2428.866045,2430.722045,1,2.99999999999994,0.0299999999999997,7.00000000000003,1,2,66,0.5
49,2432.159545,2431.392545,2431.766546,2432.107045,2433.921049,0,2.99999999999994,0.0299999999999997,5.99999999999996,2,1,65,0.5
50,2435.767545,2434.899045,2435.361545,2435.714545,2437.667545,1,2.99999999999994,0.0299999999999997,7.00000000000003,1,2,66,0.5
51,2439.538045,2438.724545,2439.124545,2439.485045,2441.754545,1,2.99999999999994,0.0299999999999997,7.00000000000003,1,2,66,0.5
52,2442.920043,2442.188545,2442.538545,2442.866545,2444.786045,0,2.99999999999994,0.0299999999999997,5.99999999999996,2,1,65,0.5
53,2446.166545,2445.566545,2445.798548,2446.113545,2447.827545,0,2.99999999999994,0.0299999999999997,5.99999999999996,2,1,65,0.5
54,2449.933045,2449.034045,2449.497545,2449.880045,2451.594545,1,2.99999999999994,0.0299999999999997,7.00000000000003,1,2,66,0.5
55,2453.253545,2452.427547,2452.883545,2453.200545,2455.263545,1,2.99999999999994,0.0299999999999997,7.00000000000003,1,2,66,0.5
56,2456.839545,2455.873045,2456.353045,2456.787045,2458.507545,0,2.99999999999994,0.0299999999999997,5.99999999999996,2,1,65,0.5
57,2459.742545,2459.064045,2459.323045,2459.690045,2461.301545,0,2.99999999999994,0.0299999999999997,5.99999999999996,2,1,65,0.5
58,2462.435545,2461.826545,2462.061045,2462.383045,2464.013545,0,2.99999999999994,0.0299999999999997,5.99999999999996,2,1,65,0.5
59,2465.359546,2464.506545,2464.932545,2465.306547,2467.103545,1,2.99999999999994,0.0299999999999997,7.00000000000003,1,2,66,0.5
60,2468.172045,2467.485545,2467.753545,2468.119045,2469.65054,0,2.99999999999994,0.0299999999999997,5.99999999999996,2,1,65,0.5
61,2471.364545,2470.557045,2470.926545,2471.312049,2473.383545,1,2.99999999999994,0.0299999999999997,7.00000000000003,1,2,66,0.5
62,2474.668545,2473.856045,2474.269045,2474.615545,2476.797545,1,2.99999999999994,0.0299999999999997,7.00000000000003,1,2,66,0.5
63,2478.028545,2477.209545,2477.571545,2477.976045,2479.726545,0,2.99999999999994,0.0299999999999997,5.99999999999996,2,1,65,0.5
64,2481.384045,2480.550045,2480.963049,2481.330546,2483.428045,1,2.99999999999994,0.0299999999999997,7.00000000000003,1,2,66,0.5
65,2484.937045,2484.119045,2484.50305,2484.884545,2486.738545,1,2.99999999999994,0.0299999999999997,7.00000000000003,1,2,66,0.5
66,2487.832548,2487.094045,2487.443545,2487.779545,2509.430545,0,2.99999999999994,0.0299999999999997,5.99999999999996,2,1,65,0.5
67,2510.870045,2510.007545,2510.410545,2510.817045,2513.176545,1,2.99999999999994,0.0299999999999997,7.00000000000003,1,2,66,0.5
68,2514.470545,2513.712546,2514.007546,2514.417545,2519.973045,0,2.99999999999994,0.0299999999999997,5.99999999999996,2,1,65,0.5
69,2527.118046,2526.312045,2526.684045,2527.065045,2529.318045,1,2.99999999999994,0.0299999999999997,7.00000000000003,1,2,66,0.5
70,2530.263049,2529.654545,2529.935045,2530.263049,2537.696545,0,NaN,0,7.00000000000003,1,2,66,0.5
71,2539.032545,2538.444545,2538.551045,2539.032545,2546.247045,0,NaN,0,7.00000000000003,1,2,66,0.5
72,2549.954045,2549.494549,2549.601045,2549.913545,2551.624045,0,2.99999999999994,0.0299999999999997,5.99999999999996,2,1,65,0.5
73,2553.232549,2552.609045,2552.846545,2553.210045,2555.126545,0,2.99999999999994,0.0299999999999997,5.99999999999996,2,1,65,0.5
74,2557.263046,2556.451045,2556.906545,2557.210545,2559.315045,1,2.99999999999994,0.0299999999999997,7.00000000000003,1,2,66,0.5
75,2561.111045,2560.538045,2560.728545,2561.111045,2572.942547,0,NaN,0,7.00000000000003,1,2,66,0.5
76,2594.194045,2593.741545,2593.861045,2594.194045,2595.041045,1,NaN,0,5.99999999999996,2,1,65,0.5
77,2609.605045,2608.590045,2609.019545,2609.603045,2613.499545,1,2.99999999999994,0.0299999999999997,7.00000000000003,1,2,66,0.5
78,2617.859045,2617.047047,2617.440545,2617.806045,2619.742545,1,2.99999999999994,0.0299999999999997,7.00000000000003,1,2,66,0.5
79,2621.770046,2621.038545,2621.321549,2621.717545,2623.312045,0,2.99999999999994,0.0299999999999997,5.99999999999996,2,1,65,0.5
80,2624.923545,2624.127045,2624.516045,2624.870545,2626.564049,1,2.99999999999994,0.0299999999999997,7.00000000000003,1,2,66,0.5
81,2627.934549,2627.129045,2627.546549,2627.881549,2629.842045,1,2.99999999999994,0.0299999999999997,7.00000000000003,1,2,66,0.5
82,2631.053545,2630.345045,2630.662545,2631.001045,2632.694045,0,2.99999999999994,0.0299999999999997,5.99999999999996,2,1,65,0.5
83,2633.839045,2633.236045,2633.472045,2633.786545,2635.436546,0,2.99999999999994,0.0299999999999997,5.99999999999996,2,1,65,0.5
84,2637.064547,2636.264545,2636.664546,2637.011545,2640.175049,1,2.99999999999994,0.0299999999999997,7.00000000000003,1,2,66,0.5
85,2641.456047,2640.708545,2641.073045,2641.403545,2643.653045,1,2.99999999999994,0.0299999999999997,7.00000000000003,1,2,66,0.5
86,2645.492045,2644.820549,2645.019045,2645.439045,2646.611547,0,2.99999999999994,0.0299999999999997,5.99999999999996,2,1,65,0.5
87,2647.753047,2647.201545,2647.405545,2647.700045,2649.368545,0,2.99999999999994,0.0299999999999997,5.99999999999996,2,1,65,0.5
88,2651.316549,2650.557545,2650.909545,2651.316549,2653.160045,1,NaN,0,5.99999999999996,2,1,65,0.5
89,2664.505049,2663.603045,2664.043046,2664.452545,2667.250047,1,2.99999999999994,0.0299999999999997,7.00000000000003,1,2,66,0.5
90,2668.313545,2667.569045,2667.888045,2668.261045,2669.982545,1,2.99999999999994,0.0299999999999997,7.00000000000003,1,2,66,0.5
91,2671.010045,2670.276045,2670.559545,2670.957545,2673.870545,0,2.99999999999994,0.0299999999999997,5.99999999999996,2,1,65,0.5
92,2674.728045,2674.157545,2674.401545,2674.67505,2676.356049,0,2.99999999999994,0.0299999999999997,5.99999999999996,2,1,65,0.5
93,2677.404045,2676.901545,2677.077047,2677.351045,2678.993045,0,2.99999999999994,0.0299999999999997,5.99999999999996,2,1,65,0.5
94,2681.346549,2680.676545,2680.903045,2681.294545,2682.970045,1,2.99999999999994,0.0299999999999997,7.00000000000003,1,2,66,0.5
95,2684.430545,2683.757045,2684.045045,2684.377545,2686.268045,0,2.99999999999994,0.0299999999999997,5.99999999999996,2,1,65,0.5
96,2688.123046,2687.536045,2687.761045,2688.070546,2691.433045,0,2.99999999999994,0.0299999999999997,5.99999999999996,2,1,65,0.5
97,2692.445545,2691.716545,2691.959045,2692.392045,2693.928545,0,2.99999999999994,0.0299999999999997,5.99999999999996,2,1,65,0.5
98,2695.989045,2695.397046,2695.605545,2695.936545,2697.822045,1,2.99999999999994,0.0299999999999997,7.00000000000003,1,2,66,0.5
99,2699.059045,2698.173045,2698.614049,2699.006549,2701.233045,1,2.99999999999994,0.0299999999999997,7.00000000000003,1,2,66,0.5
100,2702.437549,2701.581545,2702.042045,2702.385045,2704.228045,1,2.99999999999994,0.0299999999999997,7.00000000000003,1,2,66,0.5
101,2705.281045,2704.542045,2704.845545,2705.228045,2707.043045,0,2.99999999999994,0.0299999999999997,5.99999999999996,2,1,65,0.5
102,2708.811545,2708.184545,2708.444545,2708.811545,2715.006045,1,NaN,0,5.99999999999996,2,1,65,0.5
103,2718.437545,2717.651545,2717.970545,2718.385045,2719.991045,0,2.99999999999994,0.0299999999999997,5.99999999999996,2,1,65,0.5
104,2723.107549,2722.241046,2722.655545,2723.054545,2734.964045,1,2.99999999999994,0.0299999999999997,7.00000000000003,1,2,66,0.5
105,2736.187049,2735.321045,2735.726545,2736.134545,2737.772545,1,2.99999999999994,0.0299999999999997,7.00000000000003,1,2,66,0.5
106,2738.743545,2738.119045,2738.337545,2738.710045,2740.355545,0,2.99999999999994,0.0299999999999997,5.99999999999996,2,1,65,0.5
107,2741.570045,2740.982545,2741.192045,2741.517545,2742.913045,0,2.99999999999994,0.0299999999999997,5.99999999999996,2,1,65,0.5
108,2744.943047,2744.259045,2744.524045,2744.890545,2746.382545,0,2.99999999999994,0.0299999999999997,5.99999999999996,2,1,65,0.5
109,2748.069545,2747.342545,2747.693045,2748.017049,2749.468049,1,2.99999999999994,0.0299999999999997,7.00000000000003,1,2,66,0.5
110,2751.079539,2750.345045,2750.712045,2751.026545,2752.968045,1,2.99999999999994,0.0299999999999997,7.00000000000003,1,2,66,0.5
111,2754.007045,2753.282545,2753.538045,2753.954545,2755.281045,0,2.99999999999994,0.0299999999999997,5.99999999999996,2,1,65,0.5
112,2756.503045,2755.894545,2756.115545,2756.450045,2828.688545,0,2.99999999999994,0.0299999999999997,5.99999999999996,2,1,65,0.5
113,2830.496547,2829.774045,2830.039545,2830.443045,2832.008549,0,2.99999999999994,0.0299999999999997,5.99999999999996,2,1,65,0.5
114,2833.915045,2833.367545,2833.419049,2833.915045,3061.368045,0,NaN,0,7.00000000000003,1,2,66,0.5
115,3062.934049,3062.094049,3062.474049,3062.882045,3067.362045,1,2.99999999999994,0.0299999999999997,7.00000000000003,1,2,66,0.5
116,3068.557045,3067.812045,3068.042545,3068.503545,3070.910045,0,2.99999999999994,0.0299999999999997,5.99999999999996,2,1,65,0.5
117,3072.113545,3071.480045,3071.660545,3072.113545,3080.448549,0,NaN,0,7.00000000000003,1,2,66,0.5
118,3083.036045,3082.413545,3082.672546,3082.993045,3084.530545,0,2.99999999999994,0.0299999999999997,5.99999999999996,2,1,65,0.5
119,3085.960045,3085.286545,3085.547545,3085.907045,3089.547045,1,2.99999999999994,0.0299999999999997,7.00000000000003,1,2,66,0.5
120,3090.619047,3089.995045,3090.229545,3090.602045,3094.621045,0,2.99999999999994,0.0299999999999997,5.99999999999996,2,1,65,0.5
121,3095.697045,3095.157545,3095.266545,3095.697045,3136.728045,0,NaN,0,7.00000000000003,1,2,66,0.5
122,3140.161049,3138.724545,3139.016045,3140.161049,3144.212045,0,NaN,0,7.00000000000003,1,2,66,0.5
123,3151.353045,3150.489045,3150.739546,3151.300545,3158.132045,0,2.99999999999994,0.0299999999999997,5.99999999999996,2,1,65,0.5
124,3171.495549,3170.634545,3170.918545,3171.443046,3174.168045,0,2.99999999999994,0.0299999999999997,5.99999999999996,2,1,65,0.5
125,3175.163545,3174.511545,3174.836047,3175.163545,3177.914545,0,NaN,0,7.00000000000003,1,2,66,0.5
126,3185.781545,3184.921045,3185.351545,3185.728545,3187.811045,1,2.99999999999994,0.0299999999999997,7.00000000000003,1,2,66,0.5
127,3189.027546,3188.196545,3188.611545,3188.975045,3191.086545,1,2.99999999999994,0.0299999999999997,7.00000000000003,1,2,66,0.5
128,3192.276549,3191.504045,3191.858545,3192.276549,3217.004045,1,NaN,0,5.99999999999996,2,1,65,0.5
129,3218.329045,3217.387546,3217.808045,3218.276545,3221.882545,1,2.99999999999994,0.0299999999999997,7.00000000000003,1,2,66,0.5
130,3223.160545,3222.316545,3222.754045,3223.108045,3225.534045,1,2.99999999999994,0.0299999999999997,7.00000000000003,1,2,66,0.5
131,3226.679545,3225.917045,3226.240545,3226.626545,3229.128545,0,2.99999999999994,0.0299999999999997,5.99999999999996,2,1,65,0.5
132,3230.485045,3229.897045,3230.184545,3230.431545,3232.400045,0,2.99999999999994,0.0299999999999997,5.99999999999996,2,1,65,0.5
133,3233.667549,3232.767049,3233.228545,3233.615045,3236.082545,1,2.99999999999994,0.0299999999999997,7.00000000000003,1,2,66,0.5
134,3237.616045,3236.593545,3236.860045,3237.563545,3239.365046,0,2.99999999999994,0.0299999999999997,5.99999999999996,2,1,65,0.5
135,3240.604045,3239.996545,3240.238545,3240.604045,3246.402045,0,NaN,0,7.00000000000003,1,2,66,0.5
136,3250.323545,3249.206545,3249.870545,3250.271045,3253.483545,1,2.99999999999994,0.0299999999999997,7.00000000000003,1,2,66,0.5
137,3254.622545,3253.851547,3254.187545,3254.570545,3257.369049,0,2.99999999999994,0.0299999999999997,5.99999999999996,2,1,65,0.5
138,3258.551545,3257.928049,3258.185045,3258.509045,3261.744045,0,2.99999999999994,0.0299999999999997,5.99999999999996,2,1,65,0.5
139,3262.841545,3262.306545,3262.509045,3262.789545,3265.009545,0,2.99999999999994,0.0299999999999997,5.99999999999996,2,1,65,0.5
140,3266.382545,3265.792546,3265.950545,3266.330545,3268.848045,1,2.99999999999994,0.0299999999999997,7.00000000000003,1,2,66,0.5
141,3270.248045,3269.442045,3269.833045,3270.194547,3274.611545,1,2.99999999999994,0.0299999999999997,7.00000000000003,1,2,66,0.5
142,3275.769545,3275.047046,3275.319545,3275.716545,3277.776046,0,2.99999999999994,0.0299999999999997,5.99999999999996,2,1,65,0.5
143,3278.998545,3278.342549,3278.659545,3278.998545,3321.253545,0,NaN,0,7.00000000000003,1,2,66,0.5
144,3323.058545,3322.176045,3322.571045,3323.005545,3325.230545,1,2.99999999999994,0.0299999999999997,7.00000000000003,1,2,66,0.5
145,3326.531045,3325.617045,3326.082045,3326.478045,3328.831045,1,2.99999999999994,0.0299999999999997,7.00000000000003,1,2,66,0.5
146,3330.003545,3329.153045,3329.533545,3329.950049,3332.479045,0,2.99999999999994,0.0299999999999997,5.99999999999996,2,1,65,0.5
147,3333.554545,3332.925545,3333.148045,3333.554545,3481.607045,0,NaN,0,7.00000000000003,1,2,66,0.5
148,3483.267045,3482.248045,3482.620545,3483.267045,3483.604545,1,NaN,0,5.99999999999996,2,1,65,0.5
149,3502.596045,3501.728045,3502.008545,3502.543045,3505.216545,0,2.99999999999994,0.0299999999999997,5.99999999999996,2,1,65,0.5
150,3506.633045,3505.644045,3506.089045,3506.580545,3508.511045,1,2.99999999999994,0.0299999999999997,7.00000000000003,1,2,66,0.5
151,3510.020045,3509.192545,3509.567545,3509.967045,3516.157545,1,2.99999999999994,0.0299999999999997,7.00000000000003,1,2,66,0.5
152,3517.556049,3516.732045,3517.037545,3517.503549,3520.128545,0,2.99999999999994,0.0299999999999997,5.99999999999996,2,1,65,0.5
153,3521.203545,3520.580046,3520.768045,3521.150545,3524.112045,0,2.99999999999994,0.0299999999999997,5.99999999999996,2,1,65,0.5
154,3525.241545,3524.643045,3524.830045,3525.188545,3526.848548,0,2.99999999999994,0.0299999999999997,5.99999999999996,2,1,65,0.5
155,3527.898545,3527.340549,3527.544047,3527.845545,3530.139045,0,2.99999999999994,0.0299999999999997,5.99999999999996,2,1,65,0.5
156,3531.216545,3530.679045,3530.847545,3531.163545,3533.775045,0,2.99999999999994,0.0299999999999997,5.99999999999996,2,1,65,0.5
157,3535.151045,3534.486045,3534.680045,3535.098545,3537.035545,1,2.99999999999994,0.0299999999999997,7.00000000000003,1,2,66,0.5
158,3538.164545,3537.468547,3537.732045,3538.111545,3540.071545,0,2.99999999999994,0.0299999999999997,5.99999999999996,2,1,65,0.5
159,3541.139545,3540.613545,3540.801045,3541.086545,3542.821045,0,2.99999999999994,0.0299999999999997,5.99999999999996,2,1,65,0.5
160,3543.797545,3543.330545,3543.514045,3543.744545,3546.574049,0,2.99999999999994,0.0299999999999997,5.99999999999996,2,1,65,0.5
161,3547.898045,3546.990545,3547.452045,3547.898045,3563.648045,0,NaN,0,7.00000000000003,1,2,66,0.5
162,3565.329545,3564.662545,3564.984545,3565.329545,3571.459045,0,NaN,0,7.00000000000003,1,2,66,0.5
163,3574.002045,3573.161545,3573.517545,3573.949045,3578.103545,1,2.99999999999994,0.0299999999999997,7.00000000000003,1,2,66,0.5
164,3579.285045,3578.531045,3578.881545,3579.231549,3581.355045,1,2.99999999999994,0.0299999999999997,7.00000000000003,1,2,66,0.5
165,3582.538045,3581.914045,3582.166045,3582.520545,3585.588045,1,2.99999999999994,0.0299999999999997,7.00000000000003,1,2,66,0.5
166,3587.393045,3586.703045,3586.912545,3587.340545,3589.724545,0,2.99999999999994,0.0299999999999997,5.99999999999996,2,1,65,0.5
167,3591.132545,3590.494045,3590.708545,3591.079545,3593.004545,1,2.99999999999994,0.0299999999999997,7.00000000000003,1,2,66,0.5
168,3594.164049,3593.463045,3593.729545,3594.110545,3596.68655,0,2.99999999999994,0.0299999999999997,5.99999999999996,2,1,65,0.5
169,3597.677545,3597.102545,3597.31105,3597.624545,3599.565545,0,2.99999999999994,0.0299999999999997,5.99999999999996,2,1,65,0.5
170,3600.799045,3600.219045,3600.451045,3600.799045,3607.278045,0,NaN,0,7.00000000000003,1,2,66,0.5
171,3609.278549,3608.654549,3608.906049,3609.255049,3611.178047,0,2.99999999999994,0.0299999999999997,5.99999999999996,2,1,65,0.5
172,3612.624045,3611.844545,3612.205545,3612.570549,3615.023045,1,2.99999999999994,0.0299999999999997,7.00000000000003,1,2,66,0.5
173,3616.302045,3615.499045,3615.823545,3616.248545,3618.769045,1,2.99999999999994,0.0299999999999997,7.00000000000003,1,2,66,0.5
174,3619.927545,3619.206549,3619.482545,3619.875049,3622.036545,0,2.99999999999994,0.0299999999999997,5.99999999999996,2,1,65,0.5
175,3623.160045,3622.532546,3622.769545,3623.160045,3623.558045,0,NaN,0,7.00000000000003,1,2,66,0.5
176,3635.472045,3634.618045,3634.938045,3635.469045,3638.281045,1,2.99999999999994,0.0299999999999997,7.00000000000003,1,2,66,0.5
177,3639.442545,3638.671045,3638.982045,3639.390545,3642.60505,1,2.99999999999994,0.0299999999999997,7.00000000000003,1,2,66,0.5
178,3643.879545,3643.123045,3643.403047,3643.826049,3646.394045,1,2.99999999999994,0.0299999999999997,7.00000000000003,1,2,66,0.5
179,3647.529546,3646.811048,3647.098545,3647.477045,3650.024545,1,2.99999999999994,0.0299999999999997,7.00000000000003,1,2,66,0.5
180,3651.178545,3650.462045,3650.778045,3651.178545,3661.802045,1,NaN,0,5.99999999999996,2,1,65,0.5
181,3662.845545,3662.119545,3662.423045,3662.793046,3664.589548,0,2.99999999999994,0.0299999999999997,5.99999999999996,2,1,65,0.5
182,3665.664045,3665.067045,3665.275545,3665.611545,3667.405045,0,2.99999999999994,0.0299999999999997,5.99999999999996,2,1,65,0.5
183,3668.759545,3667.910545,3668.319045,3668.707049,3670.667045,1,2.99999999999994,0.0299999999999997,7.00000000000003,1,2,66,0.5
184,3671.801545,3671.055045,3671.315045,3671.748545,3673.522045,0,2.99999999999994,0.0299999999999997,5.99999999999996,2,1,65,0.5
185,3674.513047,3673.939545,3674.128547,3674.460545,3676.162045,0,2.99999999999994,0.0299999999999997,5.99999999999996,2,1,65,0.5
186,3677.496045,3676.660545,3677.077545,3677.443045,3679.444545,1,2.99999999999994,0.0299999999999997,7.00000000000003,1,2,66,0.5
187,3680.486045,3679.824547,3680.105547,3680.486045,3688.426039,1,NaN,0,5.99999999999996,2,1,65,0.5
188,3689.676545,3688.756047,3689.227045,3689.624045,3691.915046,1,2.99999999999994,0.0299999999999997,7.00000000000003,1,2,66,0.5
189,3693.007549,3692.297049,3692.601045,3692.955045,3694.761045,0,2.99999999999994,0.0299999999999997,5.99999999999996,2,1,65,0.5
190,3695.960545,3695.337045,3695.587545,3695.945545,3698.046045,0,2.99999999999994,0.0299999999999997,5.99999999999996,2,1,65,0.5
191,3698.995546,3698.459545,3698.658545,3698.943545,3700.643545,0,2.99999999999994,0.0299999999999997,5.99999999999996,2,1,65,0.5
192,3701.766047,3701.201045,3701.407045,3701.713545,3703.681545,0,2.99999999999994,0.0299999999999997,5.99999999999996,2,1,65,0.5
193,3705.436039,3704.582545,3704.977549,3705.383545,3707.606545,1,2.99999999999994,0.0299999999999997,7.00000000000003,1,2,66,0.5
194,3708.849545,3708.035539,3708.459045,3708.797045,3711.062545,1,2.99999999999994,0.0299999999999997,7.00000000000003,1,2,66,0.5
195,3712.231545,3711.463545,3711.742045,3712.179045,3714.116045,0,2.99999999999994,0.0299999999999997,5.99999999999996,2,1,65,0.5
196,3715.374045,3714.597046,3714.776045,3715.374045,3724.059545,0,NaN,0,7.00000000000003,1,2,66,0.5
197,3725.160045,3724.463549,3724.721045,3725.107545,3726.973045,0,2.99999999999994,0.0299999999999997,5.99999999999996,2,1,65,0.5
198,3728.125545,3727.559046,3727.773545,3728.073045,3730.261545,0,2.99999999999994,0.0299999999999997,5.99999999999996,2,1,65,0.5
199,3731.550045,3730.967049,3731.181549,3731.498045,3733.572545,0,2.99999999999994,0.0299999999999997,5.99999999999996,2,1,65,0.5
200,3734.858545,3733.947048,3734.376545,3734.806045,3736.584545,1,2.99999999999994,0.0299999999999997,7.00000000000003,1,2,66,0.5
201,3737.730545,3736.956045,3737.319046,3737.677045,3740.329549,1,2.99999999999994,0.0299999999999997,7.00000000000003,1,2,66,0.5
202,3741.647549,3740.758039,3741.203545,3741.594545,3743.612545,1,2.99999999999994,0.0299999999999997,7.00000000000003,1,2,66,0.5
203,3744.813545,3744.017045,3744.325546,3744.760045,3746.471045,0,2.99999999999994,0.0299999999999997,5.99999999999996,2,1,65,0.5
204,3747.571045,3746.951046,3747.238545,3747.518045,3749.011046,0,2.99999999999994,0.0299999999999997,5.99999999999996,2,1,65,0.5
205,3750.663545,3749.952045,3750.210545,3750.610545,3752.437045,1,2.99999999999994,0.0299999999999997,7.00000000000003,1,2,66,0.5
206,3753.658549,3752.841545,3753.233045,3753.605545,3755.315039,0,2.99999999999994,0.0299999999999997,5.99999999999996,2,1,65,0.5
207,3756.485545,3755.871045,3756.106545,3756.433545,3758.221545,0,2.99999999999994,0.0299999999999997,5.99999999999996,2,1,65,0.5
208,3759.725545,3759.070045,3759.287045,3759.673045,3761.686045,1,2.99999999999994,0.0299999999999997,7.00000000000003,1,2,66,0.5
209,3762.913545,3762.139045,3762.479545,3762.860545,3764.779049,1,2.99999999999994,0.0299999999999997,7.00000000000003,1,2,66,0.5
210,3765.888049,3765.173045,3765.480545,3765.835539,3767.863547,1,2.99999999999994,0.0299999999999997,7.00000000000003,1,2,66,0.5
211,3768.988545,3768.249045,3768.557545,3768.988545,3772.072545,1,NaN,0,5.99999999999996,2,1,65,0.5
212,3810.709545,3809.344545,3809.747545,3810.656045,3855.121045,0,2.99999999999994,0.0299999999999997,5.99999999999996,2,1,65,0.5
213,3856.657045,3855.745545,3856.020545,3856.604045,3864.187045,0,2.99999999999994,0.0299999999999997,5.99999999999996,2,1,65,0.5
214,3868.973545,3867.869545,3868.276545,3868.920545,3870.863545,1,2.99999999999994,0.0299999999999997,7.00000000000003,1,2,66,0.5
215,3874.713045,3874.020045,3874.296545,3874.660546,3875.909539,0,2.99999999999994,0.0299999999999997,5.99999999999996,2,1,65,0.5
216,3877.907545,3876.890045,3877.238045,3877.854045,3879.720045,1,2.99999999999994,0.0299999999999997,7.00000000000003,1,2,66,0.5
217,3882.218545,3881.537545,3881.715045,3882.218545,3981.971545,0,NaN,0,7.00000000000003,1,2,66,0.5
218,3983.476045,3982.550045,3982.823049,3983.422549,3997.280045,0,2.99999999999994,0.0299999999999997,5.99999999999996,2,1,65,0.5
219,3998.446545,3997.639047,3997.925545,3998.421545,4000.338545,0,2.99999999999994,0.0299999999999997,5.99999999999996,2,1,65,0.5
220,4002.298047,4001.560045,4001.795545,4002.245046,4008.316045,1,2.99999999999994,0.0299999999999997,7.00000000000003,1,2,66,0.5
221,4009.731045,4008.838545,4009.277545,4009.728545,4011.458045,1,2.99999999999994,0.0299999999999997,7.00000000000003,1,2,66,0.5
222,4012.782045,4011.967545,4012.306045,4012.729545,4018.434545,1,2.99999999999994,0.0299999999999997,7.00000000000003,1,2,66,0.5
223,4019.703045,4018.969045,4019.293045,4019.650545,4021.737048,1,2.99999999999994,0.0299999999999997,7.00000000000003,1,2,66,0.5
224,4023.044045,4022.262045,4022.539045,4022.991045,4024.333045,0,2.99999999999994,0.0299999999999997,5.99999999999996,2,1,65,0.5
225,4025.308545,4024.684045,4024.892045,4025.301545,4029.062045,0,2.99999999999994,0.0299999999999997,5.99999999999996,2,1,65,0.5
226,4030.662045,4029.819045,4030.194049,4030.609045,4033.752549,1,2.99999999999994,0.0299999999999997,7.00000000000003,1,2,66,0.5
227,4034.820045,4034.196545,4034.412046,4034.790045,4042.763546,0,2.99999999999994,0.0299999999999997,5.99999999999996,2,1,65,0.5
228,4044.086545,4043.187545,4043.463545,4044.086545,4061.617045,1,NaN,0,5.99999999999996,2,1,65,0.5
229,4077.289545,4076.755045,4076.904049,4077.236545,4079.097545,0,2.99999999999994,0.0299999999999997,5.99999999999996,2,1,65,0.5
230,4080.886549,4080.169545,4080.421045,4080.886549,4085.206545,1,NaN,0,5.99999999999996,2,1,65,0.5
231,4089.209045,4088.328045,4088.730545,4089.156045,4091.377045,1,2.99999999999994,0.0299999999999997,7.00000000000003,1,2,66,0.5
232,4092.540045,4091.725545,4092.067547,4092.487045,4095.775045,1,2.99999999999994,0.0299999999999997,7.00000000000003,1,2,66,0.5
233,4097.111547,4096.247045,4096.541547,4097.059047,4098.861045,0,2.99999999999994,0.0299999999999997,5.99999999999996,2,1,65,0.5
234,4099.936045,4099.325545,4099.570047,4099.883545,4101.711045,0,2.99999999999994,0.0299999999999997,5.99999999999996,2,1,65,0.5
235,4102.819545,4102.268045,4102.468545,4102.766549,4104.697045,0,2.99999999999994,0.0299999999999997,5.99999999999996,2,1,65,0.5
236,4105.777045,4105.317545,4105.470545,4105.777045,4113.458545,0,NaN,0,7.00000000000003,1,2,66,0.5
237,4117.816549,4117.193045,4117.452545,4117.795045,4119.839045,0,2.99999999999994,0.0299999999999997,5.99999999999996,2,1,65,0.5
238,4121.363045,4120.730045,4120.975545,4121.363045,4121.513045,1,NaN,0,5.99999999999996,2,1,65,0.5
239,4347.348045,4346.179045,4346.523547,4347.295545,4513.616545,0,2.99999999999994,0.0299999999999997,5.99999999999996,2,1,65,0.5
240,4515.663049,4514.367545,4514.776545,4515.610545,4518.267545,1,2.99999999999994,0.0299999999999997,7.00000000000003,1,2,66,0.5
241,4520.229545,4518.849045,4519.208545,4520.177045,4539.118545,0,2.99999999999994,0.0299999999999997,5.99999999999996,2,1,65,0.5
242,4540.457045,4539.495545,4539.943045,4540.40355,4542.622545,1,2.99999999999994,0.0299999999999997,7.00000000000003,1,2,66,0.5
243,4543.849045,4543.018045,4543.356546,4543.796545,4547.673045,0,2.99999999999994,0.0299999999999997,5.99999999999996,2,1,65,0.5
244,4549.155545,4548.176045,4548.630047,4549.102545,4552.079545,1,2.99999999999994,0.0299999999999997,7.00000000000003,1,2,66,0.5
245,4553.351547,4552.507545,4552.835049,4553.299546,4555.212045,0,2.99999999999994,0.0299999999999997,5.99999999999996,2,1,65,0.5
246,4556.523547,4555.686045,4556.090045,4556.471045,4558.919045,1,2.99999999999994,0.0299999999999997,7.00000000000003,1,2,66,0.5
247,4560.248545,4559.413045,4559.680545,4560.196045,4563.378545,0,2.99999999999994,0.0299999999999997,5.99999999999996,2,1,65,0.5
248,4564.889046,4564.304549,4564.440545,4564.836049,4568.748545,1,2.99999999999994,0.0299999999999997,7.00000000000003,1,2,66,0.5
249,4570.151045,4569.318545,4569.593045,4570.098545,4571.797545,0,2.99999999999994,0.0299999999999997,5.99999999999996,2,1,65,0.5
250,4572.881045,4572.259045,4572.480545,4572.828546,4574.519545,0,2.99999999999994,0.0299999999999997,5.99999999999996,2,1,65,0.5
251,4576.010546,4575.138045,4575.568047,4575.958045,4579.255547,1,2.99999999999994,0.0299999999999997,7.00000000000003,1,2,66,0.5
252,4580.533047,4579.709045,4580.059547,4580.480545,4583.663545,1,2.99999999999994,0.0299999999999997,7.00000000000003,1,2,66,0.5
253,4585.024547,4584.184047,4584.509545,4584.971545,4586.167045,0,2.99999999999994,0.0299999999999997,5.99999999999996,2,1,65,0.5
254,4587.489545,4586.832545,4587.039547,4587.436549,4589.836549,1,2.99999999999994,0.0299999999999997,7.00000000000003,1,2,66,0.5
255,4591.053545,4590.217545,4590.626545,4591.000545,4592.858046,1,2.99999999999994,0.0299999999999997,7.00000000000003,1,2,66,0.5
256,4594.168045,4593.354045,4593.723045,4594.115545,4596.497545,1,2.99999999999994,0.0299999999999997,7.00000000000003,1,2,66,0.5
257,4597.752045,4596.861045,4597.260545,4597.700045,4599.586545,0,2.99999999999994,0.0299999999999997,5.99999999999996,2,1,65,0.5
258,4600.969045,4600.285545,4600.506545,4600.916045,4603.922545,1,2.99999999999994,0.0299999999999997,7.00000000000003,1,2,66,0.5
259,4605.135045,4604.340545,4604.671045,4605.081547,4607.667545,1,2.99999999999994,0.0299999999999997,7.00000000000003,1,2,66,0.5
260,4608.955045,4608.067045,4608.415545,4608.902545,4610.748545,0,2.99999999999994,0.0299999999999997,5.99999999999996,2,1,65,0.5
261,4611.747045,4611.168045,4611.386549,4611.694045,4613.669545,0,2.99999999999994,0.0299999999999997,5.99999999999996,2,1,65,0.5
262,4614.774045,4614.160545,4614.396049,4614.722045,4616.614045,0,2.99999999999994,0.0299999999999997,5.99999999999996,2,1,65,0.5
263,4618.025546,4617.218545,4617.579045,4617.973045,4620.170545,1,2.99999999999994,0.0299999999999997,7.00000000000003,1,2,66,0.5
264,4621.396045,4620.626045,4620.963045,4621.342545,4623.440539,1,2.99999999999994,0.0299999999999997,7.00000000000003,1,2,66,0.5
265,4624.597545,4623.835545,4624.182045,4624.545047,4627.105046,1,2.99999999999994,0.0299999999999997,7.00000000000003,1,2,66,0.5
266,4628.507545,4627.585545,4627.983545,4628.454045,4630.069045,0,2.99999999999994,0.0299999999999997,5.99999999999996,2,1,65,0.5
267,4631.419545,4630.573545,4630.996545,4631.367045,4633.737545,1,2.99999999999994,0.0299999999999997,7.00000000000003,1,2,66,0.5
268,4635.032545,4634.230548,4634.585045,4634.979545,4636.997045,1,2.99999999999994,0.0299999999999997,7.00000000000003,1,2,66,0.5
269,4638.375045,4637.453547,4637.757049,4638.322545,4640.171545,0,2.99999999999994,0.0299999999999997,5.99999999999996,2,1,65,0.5
270,4641.079045,4640.542049,4640.728045,4641.026045,4642.802045,0,2.99999999999994,0.0299999999999997,5.99999999999996,2,1,65,0.5
271,4644.326046,4643.478045,4643.828045,4644.274045,4646.669045,1,2.99999999999994,0.0299999999999997,7.00000000000003,1,2,66,0.5
272,4647.962545,4647.075546,4647.318545,4647.909545,4649.614545,1,2.99999999999994,0.0299999999999997,7.00000000000003,1,2,66,0.5
273,4650.857545,4649.989545,4650.361545,4650.805045,4652.994546,1,2.99999999999994,0.0299999999999997,7.00000000000003,1,2,66,0.5
274,4654.267545,4653.420545,4653.773546,4654.267545,4657.028545,1,NaN,0,5.99999999999996,2,1,65,0.5
275,4661.537549,4660.727549,4661.044545,4661.485045,4663.330045,0,2.99999999999994,0.0299999999999997,5.99999999999996,2,1,65,0.5
276,4683.325545,4682.265045,4682.675045,4683.325545,4683.541545,0,NaN,0,7.00000000000003,1,2,66,0.5
277,4700.812545,4695.207045,4695.345545,4700.812545,4700.877045,0,NaN,0,7.00000000000003,1,2,66,0.5
278,4713.618045,4712.729545,4712.927045,4713.565045,4715.523545,0,2.99999999999994,0.0299999999999997,5.99999999999996,2,1,65,0.5
279,4729.914545,4728.358045,4728.500045,4729.862045,4731.718545,1,2.99999999999994,0.0299999999999997,7.00000000000003,1,2,66,0.5
280,4745.989545,4745.190545,4745.466045,4745.989545,4750.334545,1,NaN,0,5.99999999999996,2,1,65,0.5
281,4767.187545,4766.460045,4766.725049,4767.134045,4768.790045,0,2.99999999999994,0.0299999999999997,5.99999999999996,2,1,65,0.5
282,4773.100045,4772.180545,4772.581545,4773.048043,4775.272045,1,2.99999999999994,0.0299999999999997,7.00000000000003,1,2,66,0.5
283,4777.641045,4777.016545,4777.228545,4777.636545,5060.664046,0,2.99999999999994,0.0299999999999997,5.99999999999996,2,1,65,0.5
284,5061.959045,5061.026545,5061.312039,5061.959045,5064.615045,1,NaN,0,5.99999999999996,2,1,65,0.5
285,5073.230045,5072.492545,5072.720545,5073.177045,5074.274546,0,2.99999999999994,0.0299999999999997,5.99999999999996,2,1,65,0.5
286,5075.579045,5074.744045,5075.104045,5075.526049,5077.893545,1,2.99999999999994,0.0299999999999997,7.00000000000003,1,2,66,0.5
287,5079.455545,5078.585545,5078.984545,5079.403545,5081.910046,1,2.99999999999994,0.0299999999999997,7.00000000000003,1,2,66,0.5
288,5083.118045,5082.313045,5082.590545,5083.065545,5086.961545,0,2.99999999999994,0.0299999999999997,5.99999999999996,2,1,65,0.5
289,5088.288545,5087.664539,5087.895545,5088.270545,5090.655545,0,2.99999999999994,0.0299999999999997,5.99999999999996,2,1,65,0.5
290,5092.235545,5091.647545,5091.866545,5092.183045,5093.993545,0,2.99999999999994,0.0299999999999997,5.99999999999996,2,1,65,0.5
291,5095.701045,5094.872045,5095.184045,5095.648545,5100.897545,1,2.99999999999994,0.0299999999999997,7.00000000000003,1,2,66,0.5
292,5102.163545,5101.335545,5101.660545,5102.111045,5104.797045,1,2.99999999999994,0.0299999999999997,7.00000000000003,1,2,66,0.5
293,5106.020545,5105.189545,5105.513045,5105.968045,5107.519545,1,2.99999999999994,0.0299999999999997,7.00000000000003,1,2,66,0.5
294,5108.767045,5107.905046,5108.208045,5108.714045,5110.885549,0,2.99999999999994,0.0299999999999997,5.99999999999996,2,1,65,0.5
295,5112.018545,5111.425549,5111.640045,5111.966045,5113.020545,0,2.99999999999994,0.0299999999999997,5.99999999999996,2,1,65,0.5
296,5114.134545,5113.586545,5113.787545,5114.081545,5114.803045,0,2.99999999999994,0.0299999999999997,5.99999999999996,2,1,65,0.5
297,5164.691545,5163.526045,5164.099545,5164.638545,5167.087045,1,2.99999999999994,0.0299999999999997,7.00000000000003,1,2,66,0.5
298,5168.644045,5167.830045,5168.142046,5168.591545,5170.711045,0,2.99999999999994,0.0299999999999997,5.99999999999996,2,1,65,0.5
299,5172.032545,5171.429045,5171.619545,5171.979545,5173.793045,0,2.99999999999994,0.0299999999999997,5.99999999999996,2,1,65,0.5
300,5175.294045,5174.449545,5174.774545,5175.241545,5177.908045,1,2.99999999999994,0.0299999999999997,7.00000000000003,1,2,66,0.5
301,5179.308045,5178.568045,5178.828545,5179.256045,5181.237045,0,2.99999999999994,0.0299999999999997,5.99999999999996,2,1,65,0.5
302,5182.681545,5181.834045,5182.168545,5182.628549,5184.844545,1,2.99999999999994,0.0299999999999997,7.00000000000003,1,2,66,0.5
303,5186.094545,5185.276545,5185.659545,5186.042539,5188.201545,1,2.99999999999994,0.0299999999999997,7.00000000000003,1,2,66,0.5
304,5189.373045,5188.590545,5188.864545,5189.320545,5191.342545,0,2.99999999999994,0.0299999999999997,5.99999999999996,2,1,65,0.5
305,5192.441045,5191.871545,5192.043045,5192.388545,5193.988549,0,2.99999999999994,0.0299999999999997,5.99999999999996,2,1,65,0.5
306,5195.207549,5194.630545,5194.847549,5195.154545,5196.539547,0,2.99999999999994,0.0299999999999997,5.99999999999996,2,1,65,0.5
307,5201.545545,5200.654545,5201.029045,5201.492545,5203.697045,1,2.99999999999994,0.0299999999999997,7.00000000000003,1,2,66,0.5
308,5204.899045,5204.135545,5204.423045,5204.846545,5206.316546,0,2.99999999999994,0.0299999999999997,5.99999999999996,2,1,65,0.5
309,5207.491049,5206.906545,5207.140545,5207.438049,5208.824545,0,2.99999999999994,0.0299999999999997,5.99999999999996,2,1,65,0.5
310,5210.457045,5209.713546,5209.979545,5210.403545,5212.764045,1,2.99999999999994,0.0299999999999997,7.00000000000003,1,2,66,0.5
311,5214.037045,5213.289545,5213.568545,5213.984045,5215.711045,0,2.99999999999994,0.0299999999999997,5.99999999999996,2,1,65,0.5
312,5217.35755,5216.544545,5216.895545,5217.305045,5218.885045,1,2.99999999999994,0.0299999999999997,7.00000000000003,1,2,66,0.5
313,5220.167539,5219.316045,5219.764045,5220.114545,5222.927045,1,2.99999999999994,0.0299999999999997,7.00000000000003,1,2,66,0.5
314,5224.137047,5223.349045,5223.595045,5224.084545,5225.472545,0,2.99999999999994,0.0299999999999997,5.99999999999996,2,1,65,0.5
315,5226.708045,5226.084045,5226.318045,5226.660045,5303.326548,0,2.99999999999994,0.0299999999999997,5.99999999999996,2,1,65,0.5
316,5309.013045,5308.243047,5308.428045,5308.959546,5311.756545,0,2.99999999999994,0.0299999999999997,5.99999999999996,2,1,65,0.5
317,5314.081049,5313.234545,5313.520045,5314.028045,5317.026545,1,2.99999999999994,0.0299999999999997,7.00000000000003,1,2,66,0.5
318,5318.959045,5318.280045,5318.505545,5318.906545,5319.999045,0,2.99999999999994,0.0299999999999997,5.99999999999996,2,1,65,0.5
319,5322.278545,5321.298045,5321.765045,5322.225545,5324.184545,1,2.99999999999994,0.0299999999999997,7.00000000000003,1,2,66,0.5
320,5329.246045,5325.456545,5325.546045,5329.193045,5331.581045,0,2.99999999999994,0.0299999999999997,5.99999999999996,2,1,65,0.5
321,5345.901045,5345.059545,5345.271546,5345.848045,5378.891546,0,2.99999999999994,0.0299999999999997,5.99999999999996,2,1,65,0.5
322,5391.252045,5390.295045,5390.683045,5391.199045,5393.087545,1,2.99999999999994,0.0299999999999997,7.00000000000003,1,2,66,0.5
323,5394.331045,5393.587045,5393.856045,5394.278045,5395.422046,0,2.99999999999994,0.0299999999999997,5.99999999999996,2,1,65,0.5
324,5397.531045,5396.585045,5397.035045,5397.478045,5399.777045,1,2.99999999999994,0.0299999999999997,7.00000000000003,1,2,66,0.5
325,5402.150045,5401.275045,5401.719045,5402.147545,5404.724045,1,2.99999999999994,0.0299999999999997,7.00000000000003,1,2,66,0.5
326,5406.091045,5405.317046,5405.666545,5406.039045,5408.122545,1,2.99999999999994,0.0299999999999997,7.00000000000003,1,2,66,0.5
327,5409.362045,5408.566545,5408.880545,5409.309545,5410.850545,0,2.99999999999994,0.0299999999999997,5.99999999999996,2,1,65,0.5
328,5421.060545,5420.144045,5420.554045,5421.008045,5422.906045,1,2.99999999999994,0.0299999999999997,7.00000000000003,1,2,66,0.5
329,5424.074045,5423.323045,5423.662045,5424.021547,5426.205045,1,2.99999999999994,0.0299999999999997,7.00000000000003,1,2,66,0.5
330,5427.318045,5426.596045,5426.861045,5427.265545,5428.774545,0,2.99999999999994,0.0299999999999997,5.99999999999996,2,1,65,0.5
331,5430.448545,5429.679045,5429.962545,5430.396045,5432.226045,1,2.99999999999994,0.0299999999999997,7.00000000000003,1,2,66,0.5
332,5433.550545,5432.815045,5433.102545,5433.498045,5437.051545,0,2.99999999999994,0.0299999999999997,5.99999999999996,2,1,65,0.5
333,5438.154045,5437.454549,5437.789045,5438.154045,5816.706546,0,NaN,0,7.00000000000003,1,2,66,0.5
334,5819.384045,5818.017545,5818.478045,5819.331545,5821.538045,1,2.99999999999994,0.0299999999999997,7.00000000000003,1,2,66,0.5
335,5827.107545,5826.215545,5826.596045,5827.055045,5831.636047,1,2.99999999999994,0.0299999999999997,7.00000000000003,1,2,66,0.5
336,5833.646045,5832.739045,5832.955545,5833.593045,5836.871545,0,2.99999999999994,0.0299999999999997,5.99999999999996,2,1,65,0.5
337,5838.309545,5837.685045,5837.907545,5838.271047,5839.729547,0,2.99999999999994,0.0299999999999997,5.99999999999996,2,1,65,0.5
338,5883.029045,5882.030045,5882.467045,5882.977045,5885.559049,1,2.99999999999994,0.0299999999999997,7.00000000000003,1,2,66,0.5
339,5887.410045,5886.589045,5886.950545,5887.356549,5889.407045,1,2.99999999999994,0.0299999999999997,7.00000000000003,1,2,66,0.5
340,5890.735545,5889.992046,5890.300045,5890.683045,5893.537045,1,2.99999999999994,0.0299999999999997,7.00000000000003,1,2,66,0.5
341,5895.025545,5894.049546,5894.386545,5894.972545,5898.748045,0,2.99999999999994,0.0299999999999997,5.99999999999996,2,1,65,0.5
342,5900.853546,5900.021545,5900.295045,5900.800546,5904.293045,1,2.99999999999994,0.0299999999999997,7.00000000000003,1,2,66,0.5
343,5905.995045,5905.157545,5905.442045,5905.942045,5908.012045,0,2.99999999999994,0.0299999999999997,5.99999999999996,2,1,65,0.5
344,5909.593549,5908.681045,5909.077045,5909.541539,5911.082047,1,2.99999999999994,0.0299999999999997,7.00000000000003,1,2,66,0.5
345,5912.350545,5911.591045,5911.861045,5912.297545,5913.830045,0,2.99999999999994,0.0299999999999997,5.99999999999996,2,1,65,0.5
346,5915.076045,5914.471045,5914.676545,5915.023046,5920.128045,0,2.99999999999994,0.0299999999999997,5.99999999999996,2,1,65,0.5
347,5921.329545,5920.75205,5920.957545,5921.276545,5923.347545,0,2.99999999999994,0.0299999999999997,5.99999999999996,2,1,65,0.5
348,5924.909545,5923.994545,5924.416545,5924.856545,5927.532545,1,2.99999999999994,0.0299999999999997,7.00000000000003,1,2,66,0.5
349,5928.990545,5928.030045,5928.334545,5928.938046,5931.102045,0,2.99999999999994,0.0299999999999997,5.99999999999996,2,1,65,0.5
350,5932.464045,5931.658045,5931.979046,5932.411545,5935.383045,1,2.99999999999994,0.0299999999999997,7.00000000000003,1,2,66,0.5
351,5936.624045,5935.871045,5936.122045,5936.571045,5938.349545,0,2.99999999999994,0.0299999999999997,5.99999999999996,2,1,65,0.5
352,5939.617545,5939.016545,5939.216049,5939.565045,5941.052045,0,2.99999999999994,0.0299999999999997,5.99999999999996,2,1,65,0.5
353,5946.931545,5946.000545,5946.283549,5946.879045,5948.954045,0,2.99999999999994,0.0299999999999997,5.99999999999996,2,1,65,0.5
354,5950.441545,5949.780045,5950.002045,5950.389045,5953.033045,1,2.99999999999994,0.0299999999999997,7.00000000000003,1,2,66,0.5
355,5954.368545,5953.571045,5953.898045,5954.316046,5956.357545,1,2.99999999999994,0.0299999999999997,7.00000000000003,1,2,66,0.5
356,5957.655549,5956.764545,5957.053545,5957.603045,5958.897545,0,2.99999999999994,0.0299999999999997,5.99999999999996,2,1,65,0.5
357,5974.226545,5973.250045,5973.537045,5974.173545,6038.758545,0,2.99999999999994,0.0299999999999997,5.99999999999996,2,1,65,0.5
358,6047.223545,6046.423545,6046.614045,6047.171045,6047.594545,0,2.99999999999994,0.0299999999999997,5.99999999999996,2,1,65,0.5
359,6050.382545,6049.382545,6049.810545,6050.330045,6052.142045,1,2.99999999999994,0.0299999999999997,7.00000000000003,1,2,66,0.5
360,6054.596549,6053.973045,6054.19054,6054.593045,6079.579545,0,2.99999999999994,0.0299999999999997,5.99999999999996,2,1,65,0.5
361,6191.048045,6189.936045,6190.423545,6190.995545,6193.687545,1,2.99999999999994,0.0299999999999997,7.00000000000003,1,2,66,0.5
362,6195.413045,6194.409545,6194.860045,6195.360546,6198.700547,1,2.99999999999994,0.0299999999999997,7.00000000000003,1,2,66,0.5
363,6496.637545,6495.255045,6495.615045,6496.637545,6502.362045,1,NaN,0,5.99999999999996,2,1,65,0.5
364,6504.749545,6503.687545,6504.050545,6504.697045,6509.525545,0,2.99999999999994,0.0299999999999997,5.99999999999996,2,1,65,0.5
365,6511.264045,6510.500545,6510.744545,6511.210545,6512.799045,0,2.99999999999994,0.0299999999999997,5.99999999999996,2,1,65,0.5
366,6514.889045,6513.768545,6514.331545,6514.836549,6517.580047,1,2.99999999999994,0.0299999999999997,7.00000000000003,1,2,66,0.5
367,6520.096547,6519.205045,6519.568047,6520.043049,6523.100547,1,2.99999999999994,0.0299999999999997,7.00000000000003,1,2,66,0.5
368,6524.604045,6523.751045,6524.108545,6524.551045,6527.992045,1,2.99999999999994,0.0299999999999997,7.00000000000003,1,2,66,0.5
369,6529.472545,6528.594545,6528.887545,6529.419545,6532.426545,0,2.99999999999994,0.0299999999999997,5.99999999999996,2,1,65,0.5
370,6533.822045,6533.229545,6533.445545,6533.769545,6534.589545,0,2.99999999999994,0.0299999999999997,5.99999999999996,2,1,65,0.5
371,6613.635545,6612.483045,6612.929045,6613.583045,6615.588547,1,2.99999999999994,0.0299999999999997,7.00000000000003,1,2,66,0.5
372,6616.970545,6616.133045,6616.546045,6616.918545,6620.474545,1,2.99999999999994,0.0299999999999997,7.00000000000003,1,2,66,0.5
373,6621.983045,6621.113049,6621.493045,6621.930545,6624.740045,1,2.99999999999994,0.0299999999999997,7.00000000000003,1,2,66,0.5
374,6626.376545,6625.254545,6625.641545,6626.323045,6628.322046,0,2.99999999999994,0.0299999999999997,5.99999999999996,2,1,65,0.5
375,6629.834045,6629.211045,6629.485545,6629.806545,6631.905045,0,2.99999999999994,0.0299999999999997,5.99999999999996,2,1,65,0.5
376,6633.695045,6632.693545,6633.146045,6633.642045,6635.909049,1,2.99999999999994,0.0299999999999997,7.00000000000003,1,2,66,0.5
377,6637.212045,6636.407049,6636.675545,6637.159543,6639.118045,0,2.99999999999994,0.0299999999999997,5.99999999999996,2,1,65,0.5
378,6640.416545,6639.853047,6640.071045,6640.363545,6641.937045,0,2.99999999999994,0.0299999999999997,5.99999999999996,2,1,65,0.5
379,6647.878049,6647.040045,6647.423045,6647.825546,6650.291545,1,2.99999999999994,0.0299999999999997,7.00000000000003,1,2,66,0.5
380,6651.831045,6650.963045,6651.275045,6651.778545,6653.621546,0,2.99999999999994,0.0299999999999997,5.99999999999996,2,1,65,0.5
381,6655.001545,6654.440546,6654.674045,6654.948045,6656.326045,0,2.99999999999994,0.0299999999999997,5.99999999999996,2,1,65,0.5
382,6657.780545,6657.195045,6657.423545,6657.727547,6659.126047,0,2.99999999999994,0.0299999999999997,5.99999999999996,2,1,65,0.5
383,6660.703045,6659.850545,6660.206045,6660.650545,6662.751545,1,2.99999999999994,0.0299999999999997,7.00000000000003,1,2,66,0.5
384,6664.040547,6663.230045,6663.533045,6663.988045,6666.330545,1,2.99999999999994,0.0299999999999997,7.00000000000003,1,2,66,0.5
385,6667.681545,6666.901045,6667.242045,6667.629545,6669.568045,1,2.99999999999994,0.0299999999999997,7.00000000000003,1,2,66,0.5
386,6670.860545,6669.988545,6670.287045,6670.807549,6672.537541,0,2.99999999999994,0.0299999999999997,5.99999999999996,2,1,65,0.5
387,6675.299545,6674.240545,6674.749545,6675.247045,6687.373545,1,2.99999999999994,0.0299999999999997,7.00000000000003,1,2,66,0.5
388,6705.814545,6704.074545,6704.339045,6705.761045,6736.645045,0,2.99999999999994,0.0299999999999997,5.99999999999996,2,1,65,0.5
389,6742.794045,6742.095545,6742.311045,6742.742045,6745.617045,0,2.99999999999994,0.0299999999999997,5.99999999999996,2,1,65,0.5
390,6748.779545,6747.774545,6748.257045,6748.727045,6750.539545,1,2.99999999999994,0.0299999999999997,7.00000000000003,1,2,66,0.5
391,6752.706045,6752.081545,6752.292045,6752.659045,6754.808545,0,2.99999999999994,0.0299999999999997,5.99999999999996,2,1,65,0.5
392,6757.036545,6756.288039,6756.548545,6757.036545,6762.524052,1,NaN,0,5.99999999999996,2,1,65,0.5
393,6765.760045,6765.011545,6765.326545,6765.707045,6767.730549,1,2.99999999999994,0.0299999999999997,7.00000000000003,1,2,66,0.5
394,6770.057045,6769.053545,6769.446545,6770.004045,6771.881545,1,2.99999999999994,0.0299999999999997,7.00000000000003,1,2,66,0.5
395,6773.700045,6773.013545,6773.245045,6773.647045,6882.895545,0,2.99999999999994,0.0299999999999997,5.99999999999996,2,1,65,0.5
396,6893.797545,6892.942545,6893.207545,6893.745045,6895.487545,0,2.99999999999994,0.0299999999999997,5.99999999999996,2,1,65,0.5
397,6899.531045,6898.759545,6899.023045,6899.477545,6902.114545,0,2.99999999999994,0.0299999999999997,5.99999999999996,2,1,65,0.5
398,6910.230545,6909.183545,6909.462045,6910.178045,6911.860545,0,2.99999999999994,0.0299999999999997,5.99999999999996,2,1,65,0.5
399,6914.113549,6913.097545,6913.545545,6914.061045,6915.587045,1,2.99999999999994,0.0299999999999997,7.00000000000003,1,2,66,0.5
400,6919.118045,6918.204545,6918.529545,6919.065545,6925.623545,1,2.99999999999994,0.0299999999999997,7.00000000000003,1,2,66,0.5
401,6931.678045,6929.958545,6930.230545,6931.127045,NaN,0,NaN,0,5.99999999999996,2,1,65,0.5
402,7033.396045,7032.537045,7032.749045,7033.343045,7033.726549,0,2.99999999999994,0.0299999999999997,5.99999999999996,2,1,65,0.5
403,7053.735045,7041.113545,7041.218045,NaN,NaN,NaN,NaN,0,7.00000000000003,1,2,66,0.5
404,7070.013545,7069.233545,7069.352545,7070.013545,7072.994046,0,NaN,0,7.00000000000003,1,2,66,0.5
405,7094.386545,7093.245045,7093.696045,7094.333045,7096.040545,1,2.99999999999994,0.0299999999999997,7.00000000000003,1,2,66,0.5
406,7547.214545,7546.174045,7546.633045,7547.161549,7550.067545,1,2.99999999999994,0.0299999999999997,7.00000000000003,1,2,66,0.5
407,7551.877045,7550.910045,7551.326046,7551.824545,7555.636545,1,2.99999999999994,0.0299999999999997,7.00000000000003,1,2,66,0.5
408,7560.331045,7559.560045,7559.767045,7560.278045,7562.924545,0,2.99999999999994,0.0299999999999997,5.99999999999996,2,1,65,0.5
409,7579.258545,7578.084545,7578.518045,7579.205545,7582.510545,1,2.99999999999994,0.0299999999999997,7.00000000000003,1,2,66,0.5
410,7584.113545,7583.317545,7583.646545,7584.060045,7586.611045,1,2.99999999999994,0.0299999999999997,7.00000000000003,1,2,66,0.5
411,7587.987045,7587.121045,7587.370545,7587.934045,7589.579545,0,2.99999999999994,0.0299999999999997,5.99999999999996,2,1,65,0.5
412,7598.675545,7597.650045,7597.928045,7598.622545,7600.745045,0,2.99999999999994,0.0299999999999997,5.99999999999996,2,1,65,0.5
413,7604.018045,7603.184545,7603.210045,7603.965045,7620.968546,1,2.99999999999994,0.0299999999999997,7.00000000000003,1,2,66,0.5
414,7646.741547,7645.879545,7646.142545,7646.688546,7647.064545,0,2.99999999999994,0.0299999999999997,5.99999999999996,2,1,65,0.5
415,7657.888545,7657.056545,7657.349045,7657.885545,7661.434045,1,2.99999999999994,0.0299999999999997,7.00000000000003,1,2,66,0.5
416,7678.732545,7677.731045,7678.103545,7678.730049,7685.776545,1,2.99999999999994,0.0299999999999997,7.00000000000003,1,2,66,0.5
417,7826.040545,7825.148545,7825.426545,7826.040545,7849.04154,1,NaN,0,5.99999999999996,2,1,65,0.5
418,7854.101045,7853.236045,7853.293545,7854.101045,7938.889045,0,NaN,0,7.00000000000003,1,2,66,0.5
419,7942.874545,7942.119045,7942.337545,7942.872045,7946.033045,0,2.99999999999994,0.0299999999999997,5.99999999999996,2,1,65,0.5
420,7947.421045,7946.748045,7946.948045,7947.367548,7947.790545,0,2.99999999999994,0.0299999999999997,5.99999999999996,2,1,65,0.5
421,7989.858045,7988.997545,7989.302546,7989.858045,8006.483545,1,NaN,0,5.99999999999996,2,1,65,0.5
422,8026.372545,8025.749545,8025.817545,8026.362045,8027.260545,0,2.99999999999994,0.0299999999999997,5.99999999999996,2,1,65,0.5
423,8089.375045,8088.231045,8088.697045,8089.323045,8091.367039,1,2.99999999999994,0.0299999999999997,7.00000000000003,1,2,66,0.5
424,8094.106045,8093.142545,8093.598545,8094.053545,8095.537545,1,2.99999999999994,0.0299999999999997,7.00000000000003,1,2,66,0.5
425,8097.227545,8096.426045,8096.806045,8097.227545,8118.538546,0,NaN,0,7.00000000000003,1,2,66,0.5
426,8128.578045,8127.371045,8127.850545,8128.525045,8131.093045,1,2.99999999999994,0.0299999999999997,7.00000000000003,1,2,66,0.5
427,8133.387045,8132.763549,8132.972545,8133.366045,8136.613545,0,2.99999999999994,0.0299999999999997,5.99999999999996,2,1,65,0.5
428,8139.360545,8138.362545,8138.750049,8139.308045,8297.372045,1,2.99999999999994,0.0299999999999997,7.00000000000003,1,2,66,0.5
429,8305.253045,8303.387045,8303.799545,8305.200545,8307.122545,1,2.99999999999994,0.0299999999999997,7.00000000000003,1,2,66,0.5
430,8311.784045,8310.761045,8311.177045,8311.731045,8314.504045,1,2.99999999999994,0.0299999999999997,7.00000000000003,1,2,66,0.5
431,8317.097545,8315.197045,8315.491545,8317.044045,8319.226545,0,2.99999999999994,0.0299999999999997,5.99999999999996,2,1,65,0.5
432,8473.490045,8472.314045,8472.688045,8473.438045,8475.956046,1,2.99999999999994,0.0299999999999997,7.00000000000003,1,2,66,0.5
433,8478.292545,8477.393045,8477.747045,8478.240045,8480.649045,1,2.99999999999994,0.0299999999999997,7.00000000000003,1,2,66,0.5
434,8482.398545,8481.405045,8481.741545,8482.345047,8483.814045,0,2.99999999999994,0.0299999999999997,5.99999999999996,2,1,65,0.5
435,8572.755047,8571.663545,8572.120045,8572.702539,8577.794045,1,2.99999999999994,0.0299999999999997,7.00000000000003,1,2,66,0.5
436,8592.219046,8579.598045,8579.791045,NaN,NaN,NaN,NaN,0,5.99999999999996,2,1,65,0.5
437,8605.135545,8604.189545,8604.537545,8605.082545,8644.351545,1,2.99999999999994,0.0299999999999997,7.00000000000003,1,2,66,0.5
438,8645.879046,8644.826045,8645.263545,8645.826545,8655.024045,1,2.99999999999994,0.0299999999999997,7.00000000000003,1,2,66,0.5
439,8665.012045,8664.248545,8664.538545,8665.012045,8668.387045,1,NaN,0,5.99999999999996,2,1,65,0.5
440,8674.310045,8673.372545,8673.921045,8674.257045,8676.850545,1,2.99999999999994,0.0299999999999997,7.00000000000003,1,2,66,0.5
441,8678.191545,8677.337545,8677.624546,8678.139045,8680.248545,0,2.99999999999994,0.0299999999999997,5.99999999999996,2,1,65,0.5
442,8682.346046,8681.752545,8681.965045,8682.293545,8689.344046,0,2.99999999999994,0.0299999999999997,5.99999999999996,2,1,65,0.5
443,8690.469045,8689.678545,8689.916045,8690.466545,8691.624045,0,2.99999999999994,0.0299999999999997,5.99999999999996,2,1,65,0.5
444,8740.158545,8739.114045,8739.553545,8740.106545,8743.489545,1,2.99999999999994,0.0299999999999997,7.00000000000003,1,2,66,0.5
445,8744.910048,8744.028545,8744.407545,8744.857545,8747.760545,1,2.99999999999994,0.0299999999999997,7.00000000000003,1,2,66,0.5
446,8749.123545,8748.263045,8748.676045,8749.071045,8751.737545,1,2.99999999999994,0.0299999999999997,7.00000000000003,1,2,66,0.5
447,8753.871549,8752.970045,8753.249545,8753.819046,8925.163545,0,2.99999999999994,0.0299999999999997,5.99999999999996,2,1,65,0.5
448,8926.803545,8925.927545,8926.226045,8926.750546,8928.360046,0,2.99999999999994,0.0299999999999997,5.99999999999996,2,1,65,0.5
449,8958.000049,8956.984545,8957.430047,8957.947545,9089.545045,1,2.99999999999994,0.0299999999999997,7.00000000000003,1,2,66,0.5
450,9378.307545,9376.934545,9377.334045,9378.254545,9381.184045,1,2.99999999999994,0.0299999999999997,7.00000000000003,1,2,66,0.5
451,9385.238039,9384.102047,9384.489546,9385.185049,9388.024545,1,2.99999999999994,0.0299999999999997,7.00000000000003,1,2,66,0.5
452,9389.930545,9388.824045,9389.114045,9389.877545,9392.713045,0,2.99999999999994,0.0299999999999997,5.99999999999996,2,1,65,0.5
453,9395.718545,9394.864545,9395.109045,9395.666045,9402.569545,1,2.99999999999994,0.0299999999999997,7.00000000000003,1,2,66,0.5
454,9405.827045,9404.340545,9404.597545,9405.774549,9407.732045,0,2.99999999999994,0.0299999999999997,5.99999999999996,2,1,65,0.5
455,9409.484549,9408.489045,9408.878545,9409.432045,9411.570045,1,2.99999999999994,0.0299999999999997,7.00000000000003,1,2,66,0.5
456,9413.328045,9412.423045,9412.812545,9413.275545,9415.106047,1,2.99999999999994,0.0299999999999997,7.00000000000003,1,2,66,0.5
457,9416.749045,9415.853045,9416.253545,9416.696545,9419.528047,1,2.99999999999994,0.0299999999999997,7.00000000000003,1,2,66,0.5
458,9421.680545,9420.620545,9420.931045,9421.628045,9423.004045,0,2.99999999999994,0.0299999999999997,5.99999999999996,2,1,65,0.5
459,9424.266045,9423.647545,9423.892545,9424.213045,9426.921045,0,2.99999999999994,0.0299999999999997,5.99999999999996,2,1,65,0.5
460,9437.676045,9436.723045,9437.022545,9437.622545,9438.719545,0,2.99999999999994,0.0299999999999997,5.99999999999996,2,1,65,0.5
461,9450.083045,9449.073045,9449.591545,9450.030045,9451.976047,1,2.99999999999994,0.0299999999999997,7.00000000000003,1,2,66,0.5
462,9453.626045,9452.754045,9453.198545,9453.573545,9457.241545,1,2.99999999999994,0.0299999999999997,7.00000000000003,1,2,66,0.5
463,9458.629045,9457.785549,9458.122045,9458.575549,9472.023045,0,2.99999999999994,0.0299999999999997,5.99999999999996,2,1,65,0.5
464,9521.569045,9508.947545,9509.093545,NaN,9533.813045,NaN,NaN,0,5.99999999999996,2,1,65,0.5
465,9536.122545,9534.983045,9535.683045,9536.069545,9537.295545,1,2.99999999999994,0.0299999999999997,7.00000000000003,1,2,66,0.5
466,9542.235045,9541.612045,9541.850545,9542.219545,9542.727045,0,2.99999999999994,0.0299999999999997,5.99999999999996,2,1,65,0.5
467,9545.145045,9544.522045,9544.849045,9545.134545,9546.368545,1,2.99999999999994,0.0299999999999997,7.00000000000003,1,2,66,0.5
468,9562.228045,9549.606545,9549.835545,NaN,9572.037045,NaN,NaN,0,5.99999999999996,2,1,65,0.5
469,9619.038545,9618.018545,9618.350546,9618.985545,9620.428545,0,2.99999999999994,0.0299999999999997,5.99999999999996,2,1,65,0.5
470,9653.770545,9652.755545,9653.244045,9653.763045,9655.736045,1,2.99999999999994,0.0299999999999997,7.00000000000003,1,2,66,0.5
471,9671.528545,9668.972545,9670.854045,9671.475545,9674.461549,1,2.99999999999994,0.0299999999999997,7.00000000000003,1,2,66,0.5
472,9685.122045,9683.847545,9684.338046,9685.068545,9686.421045,1,2.99999999999994,0.0299999999999997,7.00000000000003,1,2,66,0.5
473,9754.699545,9753.045046,9754.046045,9754.699545,9755.887046,1,NaN,0,5.99999999999996,2,1,65,0.5
474,9762.819545,9761.505045,9761.944545,9762.816545,9792.043045,1,2.99999999999994,0.0299999999999997,7.00000000000003,1,2,66,0.5
475,9795.088545,9794.360545,9794.661545,9795.036045,9796.092549,0,2.99999999999994,0.0299999999999997,5.99999999999996,2,1,65,0.5
476,9844.853049,9842.027545,9844.188045,9844.800045,10174.844045,1,2.99999999999994,0.0299999999999997,7.00000000000003,1,2,66,0.5
477,10230.256545,10229.526546,10229.795045,10230.203545,10232.041549,0,2.99999999999994,0.0299999999999997,5.99999999999996,2,1,65,0.5
478,10238.346045,10237.515545,10237.888045,10238.293545,10240.162045,1,2.99999999999994,0.0299999999999997,7.00000000000003,1,2,66,0.5
479,10243.151545,10242.118045,10242.232045,10242.600545,NaN,0,NaN,0,5.99999999999996,2,1,65,0.5
480,10288.703545,10287.883545,10288.158045,10288.651545,10289.071545,0,2.99999999999994,0.0299999999999997,5.99999999999996,2,1,65,0.5
481,10291.582545,10290.627546,10291.074545,10291.529545,10293.457045,1,2.99999999999994,0.0299999999999997,7.00000000000003,1,2,66,0.5
482,10296.202545,10295.168545,10295.378545,10296.202545,10296.777045,0,NaN,0,7.00000000000003,1,2,66,0.5
483,10352.831545,10340.209045,10340.358545,NaN,10381.612047,NaN,NaN,0,7.00000000000003,1,2,66,0.5
484,10414.138545,10408.098545,10408.210045,10414.138545,10420.712045,1,NaN,0,5.99999999999996,2,1,65,0.5
485,10422.827045,10422.389545,10419.125545,10422.827045,10486.211046,0,NaN,0,7.00000000000003,1,2,66,0.5
486,10531.245045,10530.506045,10530.763545,10531.192545,10534.240545,0,2.99999999999994,0.0299999999999997,5.99999999999996,2,1,65,0.5
487,10569.749545,10568.860045,10569.297045,10569.696545,10572.040049,1,2.99999999999994,0.0299999999999997,7.00000000000003,1,2,66,0.5
488,10641.343545,10640.555045,10640.773545,10641.291046,10642.209545,0,2.99999999999994,0.0299999999999997,5.99999999999996,2,1,65,0.5
489,10663.301045,10662.370045,10662.673545,10663.248545,10670.497046,0,2.99999999999994,0.0299999999999997,5.99999999999996,2,1,65,0.5
490,10681.309545,10678.221045,10678.314545,10681.256045,10684.691045,1,2.99999999999994,0.0299999999999997,7.00000000000003,1,2,66,0.5
491,10705.291549,10692.670045,10692.934545,NaN,NaN,NaN,NaN,0,5.99999999999996,2,1,65,0.5
492,10745.129046,10732.508045,10732.981045,NaN,NaN,NaN,NaN,0,7.00000000000003,1,2,66,0.5
493,10889.840045,10886.816549,10887.086545,10889.837545,10894.953545,0,2.99999999999994,0.0299999999999997,5.99999999999996,2,1,65,0.5
494,10897.096545,10895.902545,10896.166045,10897.043545,10899.687049,0,2.99999999999994,0.0299999999999997,5.99999999999996,2,1,65,0.5
495,10902.609045,10901.452045,10901.976045,10902.556545,10905.216545,1,2.99999999999994,0.0299999999999997,7.00000000000003,1,2,66,0.5
496,10907.710045,10906.739046,10907.038545,10907.657545,10911.556049,0,2.99999999999994,0.0299999999999997,5.99999999999996,2,1,65,0.5
497,10913.103045,10912.116548,10912.548545,10913.050545,10915.718545,1,2.99999999999994,0.0299999999999997,7.00000000000003,1,2,66,0.5
498,10917.302045,10916.452045,10916.835545,10917.248545,10919.534545,1,2.99999999999994,0.0299999999999997,7.00000000000003,1,2,66,0.5
499,10921.051046,10920.133546,10920.450049,10920.998045,10922.405545,0,2.99999999999994,0.0299999999999997,5.99999999999996,2,1,65,0.5
500,11013.319545,11011.831045,11012.282545,11013.266045,11015.180045,1,2.99999999999994,0.0299999999999997,7.00000000000003,1,2,66,0.5
501,11042.622045,11041.728045,11041.979045,11042.569545,11045.579545,0,2.99999999999994,0.0299999999999997,5.99999999999996,2,1,65,0.5
502,11048.592545,11047.713545,11047.996545,11048.592545,11065.897045,1,NaN,0,5.99999999999996,2,1,65,0.5
503,11067.612545,11066.419045,11066.713545,11067.559045,11069.645547,0,2.99999999999994,0.0299999999999997,5.99999999999996,2,1,65,0.5
504,11071.376545,11070.445045,11070.829545,11071.324045,11074.299046,1,2.99999999999994,0.0299999999999997,7.00000000000003,1,2,66,0.5
505,11076.016045,11075.073045,11075.410045,11075.963545,11077.395045,0,2.99999999999994,0.0299999999999997,5.99999999999996,2,1,65,0.5
506,11079.741545,11078.512545,11079.162045,11079.689049,11083.188045,1,2.99999999999994,0.0299999999999997,7.00000000000003,1,2,66,0.5
507,11085.089545,11084.189046,11084.487046,11085.03704,11087.579048,0,2.99999999999994,0.0299999999999997,5.99999999999996,2,1,65,0.5
508,11088.958045,11088.236545,11088.478545,11088.905545,11090.591545,0,2.99999999999994,0.0299999999999997,5.99999999999996,2,1,65,0.5
509,11092.698549,11091.650545,11092.171045,11092.645545,11094.411545,1,2.99999999999994,0.0299999999999997,7.00000000000003,1,2,66,0.5
510,11096.149045,11095.284545,11095.682547,11096.096045,11098.810546,1,2.99999999999994,0.0299999999999997,7.00000000000003,1,2,66,0.5
511,11100.441545,11099.545045,11099.938545,11100.389045,11103.88905,1,2.99999999999994,0.0299999999999997,7.00000000000003,1,2,66,0.5
512,11105.347045,11104.410049,11104.773045,11105.294045,11510.136045,0,2.99999999999994,0.0299999999999997,5.99999999999996,2,1,65,0.5
513,11514.068047,11512.991045,11513.530045,11514.015047,11515.782045,1,2.99999999999994,0.0299999999999997,7.00000000000003,1,2,66,0.5
514,11517.247547,11516.324045,11516.610545,11517.194545,11518.978546,0,2.99999999999994,0.0299999999999997,5.99999999999996,2,1,65,0.5
515,11538.461546,11537.588045,11537.886545,11538.461546,11539.290545,1,NaN,0,5.99999999999996,2,1,65,0.5
516,11546.588545,11545.538045,11546.037045,11546.536046,11548.828045,1,2.99999999999994,0.0299999999999997,7.00000000000003,1,2,66,0.5
517,11552.938549,11551.992045,11552.465545,11552.885545,11554.616547,1,2.99999999999994,0.0299999999999997,7.00000000000003,1,2,66,0.5
518,11556.127046,11555.302045,11555.627545,11556.074545,11557.666545,0,2.99999999999994,0.0299999999999997,5.99999999999996,2,1,65,0.5
519,11641.615045,11640.459545,11640.963545,11641.562545,11684.352045,1,2.99999999999994,0.0299999999999997,7.00000000000003,1,2,66,0.5
520,11703.913545,11700.388545,11700.438545,NaN,11723.268545,NaN,NaN,0,5.99999999999996,2,1,65,0.5
521,11831.407045,11829.904549,11830.025045,11831.35405,11868.771045,0,2.99999999999994,0.0299999999999997,5.99999999999996,2,1,65,0.5
522,11889.725546,11877.104045,11877.165045,NaN,11895.369545,NaN,NaN,0,5.99999999999996,2,1,65,0.5
523,11897.601545,11896.784045,11897.102545,11897.601545,12146.458045,0,NaN,0,7.00000000000003,1,2,66,0.5
524,12160.878046,12148.256545,12148.400045,NaN,12304.300045,NaN,NaN,0,5.99999999999996,2,1,65,0.5
525,12308.323545,12307.303545,12307.577047,12308.271545,12322.456045,0,2.99999999999994,0.0299999999999997,5.99999999999996,2,1,65,0.5
526,12324.022045,12323.032545,12323.480545,12323.969045,12327.109545,1,2.99999999999994,0.0299999999999997,7.00000000000003,1,2,66,0.5
527,12329.888545,12328.987045,12329.362045,12329.835545,12332.339045,1,2.99999999999994,0.0299999999999997,7.00000000000003,1,2,66,0.5
528,12333.786045,12332.947045,12333.249045,12333.733545,12336.411045,0,2.99999999999994,0.0299999999999997,5.99999999999996,2,1,65,0.5
529,12338.058045,12337.174045,12337.579046,12338.058045,12352.432545,0,NaN,0,7.00000000000003,1,2,66,0.5
530,12353.951045,12352.948045,12353.354539,12353.898545,12356.716545,1,2.99999999999994,0.0299999999999997,7.00000000000003,1,2,66,0.5
531,12358.395045,12357.575045,12357.940545,12358.342045,12360.926545,1,2.99999999999994,0.0299999999999997,7.00000000000003,1,2,66,0.5
532,12362.339545,12361.499545,12361.902545,12362.287045,12368.189045,1,2.99999999999994,0.0299999999999997,7.00000000000003,1,2,66,0.5
533,12370.149545,12369.074546,12369.359045,12370.096545,12371.883545,0,2.99999999999994,0.0299999999999997,5.99999999999996,2,1,65,0.5
534,12375.561546,12374.750045,12375.041545,12375.509049,12377.228545,0,2.99999999999994,0.0299999999999997,5.99999999999996,2,1,65,0.5
535,12379.961045,12378.924548,12379.477545,12379.908545,12382.363049,1,2.99999999999994,0.0299999999999997,7.00000000000003,1,2,66,0.5
536,12386.530045,12385.695545,12386.048045,12386.477045,12388.444045,1,2.99999999999994,0.0299999999999997,7.00000000000003,1,2,66,0.5
537,12389.628045,12388.87554,12389.148545,12389.575539,12391.428545,0,2.99999999999994,0.0299999999999997,5.99999999999996,2,1,65,0.5
538,12393.176045,12392.504045,12392.70004,12393.173545,12396.575545,1,2.99999999999994,0.0299999999999997,7.00000000000003,1,2,66,0.5
539,12400.400045,12399.559045,12399.851046,12400.34705,12402.183045,0,2.99999999999994,0.0299999999999997,5.99999999999996,2,1,65,0.5
540,12403.841045,12402.956545,12403.361045,12403.787545,12405.638045,1,2.99999999999994,0.0299999999999997,7.00000000000003,1,2,66,0.5
541,12407.197045,12406.403045,12406.752545,12407.144045,12409.634045,1,2.99999999999994,0.0299999999999997,7.00000000000003,1,2,66,0.5
542,12410.968049,12410.191045,12410.566045,12410.915546,12413.693545,1,2.99999999999994,0.0299999999999997,7.00000000000003,1,2,66,0.5
543,12418.072545,12417.238545,12417.524045,12418.020045,12419.772045,0,2.99999999999994,0.0299999999999997,5.99999999999996,2,1,65,0.5
544,12438.724046,12437.769045,12438.175045,12438.671046,12440.469545,0,2.99999999999994,0.0299999999999997,5.99999999999996,2,1,65,0.5
545,12448.557045,12447.779045,12448.010545,12448.504045,12450.418549,0,2.99999999999994,0.0299999999999997,5.99999999999996,2,1,65,0.5
546,12451.794545,12450.910545,12451.275545,12451.742045,12454.023045,1,2.99999999999994,0.0299999999999997,7.00000000000003,1,2,66,0.5
547,12456.198045,12455.464045,12455.708545,12456.186045,12457.743045,0,2.99999999999994,0.0299999999999997,5.99999999999996,2,1,65,0.5
548,12466.665545,12465.953545,12466.100045,12466.662545,12473.476545,0,2.99999999999994,0.0299999999999997,5.99999999999996,2,1,65,0.5
549,12486.808045,12482.786545,12482.815045,NaN,NaN,NaN,NaN,0,5.99999999999996,2,1,65,0.5
550,12515.922045,12514.824045,12515.285545,12515.869045,12517.680045,1,2.99999999999994,0.0299999999999997,7.00000000000003,1,2,66,0.5
551,12520.664545,12519.824545,12520.119545,12520.661545,12522.290549,0,2.99999999999994,0.0299999999999997,5.99999999999996,2,1,65,0.5
552,12524.123545,12523.273545,12523.657047,12524.071045,12526.153545,1,2.99999999999994,0.0299999999999997,7.00000000000003,1,2,66,0.5
553,12527.924045,12527.300045,12527.544546,12527.918545,12529.479045,0,2.99999999999994,0.0299999999999997,5.99999999999996,2,1,65,0.5
554,12622.343045,12621.317547,12621.637545,12622.343045,12622.578545,1,NaN,0,5.99999999999996,2,1,65,0.5
555,12680.999048,12680.191539,12680.433545,12680.946046,12682.803546,0,2.99999999999994,0.0299999999999997,5.99999999999996,2,1,65,0.5
556,12687.953545,12686.879045,12687.341045,12687.901545,12692.087545,1,2.99999999999994,0.0299999999999997,7.00000000000003,1,2,66,0.5
557,12715.576045,12710.088545,12710.370043,NaN,NaN,NaN,NaN,0,5.99999999999996,2,1,65,0.5
558,12778.092545,12777.469045,12777.593045,12778.067047,12780.348045,0,2.99999999999994,0.0299999999999997,5.99999999999996,2,1,65,0.5
559,12781.954545,12781.025545,12781.483045,12781.901545,12783.739045,1,2.99999999999994,0.0299999999999997,7.00000000000003,1,2,66,0.5
560,12786.171547,12785.415545,12785.660545,12786.118548,12791.239545,0,2.99999999999994,0.0299999999999997,5.99999999999996,2,1,65,0.5
561,12815.804045,12814.898545,12815.229045,12815.801545,12817.179045,1,2.99999999999994,0.0299999999999997,7.00000000000003,1,2,66,0.5
562,12822.570545,12821.192045,12821.318545,12822.517545,12823.959545,0,2.99999999999994,0.0299999999999997,5.99999999999996,2,1,65,0.5
563,12937.623045,12936.883545,12937.141045,12937.623045,12954.850045,0,NaN,0,7.00000000000003,1,2,66,0.5
564,12958.407545,12957.690045,12957.828549,12958.355045,13012.388547,1,2.99999999999994,0.0299999999999997,7.00000000000003,1,2,66,0.5
565,13036.745046,13036.094545,13036.326545,13036.745046,13036.993545,1,NaN,0,5.99999999999996,2,1,65,0.5
566,13046.379545,13045.512045,13045.882045,13046.327046,13070.448546,1,2.99999999999994,0.0299999999999997,7.00000000000003,1,2,66,0.5
567,13103.817545,13103.343545,13103.442049,13103.817545,13104.037545,0,NaN,0,7.00000000000003,1,2,66,0.5
568,13370.278045,13369.201045,13369.571046,13370.225045,13377.069545,1,2.99999999999994,0.0299999999999997,7.00000000000003,1,2,66,0.5
569,13378.471045,13377.498045,13377.752045,13378.468545,13380.310045,0,2.99999999999994,0.0299999999999997,5.99999999999996,2,1,65,0.5
570,13393.078045,13392.239047,13392.460045,13393.025545,13394.368045,0,2.99999999999994,0.0299999999999997,5.99999999999996,2,1,65,0.5
571,13397.846045,13396.996548,13397.256045,13397.793045,13399.958045,0,2.99999999999994,0.0299999999999997,5.99999999999996,2,1,65,0.5
572,13401.917545,13401.222545,13401.431545,13401.865046,13403.820045,0,2.99999999999994,0.0299999999999997,5.99999999999996,2,1,65,0.5
573,13409.810545,13408.840045,13409.279045,13409.757545,13412.301045,1,2.99999999999994,0.0299999999999997,7.00000000000003,1,2,66,0.5
574,13415.938545,13415.005545,13415.374545,13415.938545,13416.220545,0,NaN,0,7.00000000000003,1,2,66,0.5
575,13494.926046,13493.784545,13494.387045,13494.874045,13510.024546,1,2.99999999999994,0.0299999999999997,7.00000000000003,1,2,66,0.5
576,13511.168545,13510.462045,13510.707545,13511.116045,13513.168545,0,2.99999999999994,0.0299999999999997,5.99999999999996,2,1,65,0.5
577,13517.344545,13516.395045,13516.89854,13517.291545,13519.310545,1,2.99999999999994,0.0299999999999997,7.00000000000003,1,2,66,0.5
578,13563.398545,13562.448045,13562.840045,13563.345545,13566.259545,1,2.99999999999994,0.0299999999999997,7.00000000000003,1,2,66,0.5
579,13616.077045,13603.455545,13603.795545,NaN,13658.696045,NaN,NaN,0,7.00000000000003,1,2,66,0.5
580,13676.525045,13675.649545,13675.848045,13676.525045,13689.169045,0,NaN,0,7.00000000000003,1,2,66,0.5
581,13703.490545,13690.868049,13690.901045,NaN,NaN,NaN,NaN,0,5.99999999999996,2,1,65,0.5
582,13729.007545,13727.987545,13728.447545,13728.955045,13730.497045,1,2.99999999999994,0.0299999999999997,7.00000000000003,1,2,66,0.5
583,13746.429545,13745.761545,13745.940045,13746.376545,13797.576545,0,2.99999999999994,0.0299999999999997,5.99999999999996,2,1,65,0.5
584,13819.338545,13806.717049,13806.941545,NaN,NaN,NaN,NaN,0,5.99999999999996,2,1,65,0.5
585,13914.212039,13913.380545,13913.477549,13914.159045,13916.392045,0,2.99999999999994,0.0299999999999997,5.99999999999996,2,1,65,0.5
586,13925.671545,13924.974545,13925.102045,13925.671545,14003.350545,0,NaN,0,7.00000000000003,1,2,66,0.5
587,14017.033045,14016.329045,14016.550045,14017.033045,14026.853545,0,NaN,0,7.00000000000003,1,2,66,0.5
588,14029.180545,14028.232545,14028.673045,14029.128045,14031.135545,1,2.99999999999994,0.0299999999999997,7.00000000000003,1,2,66,0.5
589,14033.103045,14032.536545,14032.736045,14033.050545,14035.108045,0,2.99999999999994,0.0299999999999997,5.99999999999996,2,1,65,0.5
590,14045.057545,14036.751049,14036.878045,14044.507545,NaN,1,NaN,0,7.00000000000003,1,2,66,0.5
591,14060.402049,14059.566545,14059.869045,14060.350043,14062.362045,1,2.99999999999994,0.0299999999999997,7.00000000000003,1,2,66,0.5
592,14068.654045,14067.579047,14068.151045,14068.601545,14082.964545,1,2.99999999999994,0.0299999999999997,7.00000000000003,1,2,66,0.5
593,14085.206045,14084.346045,14084.749546,14085.153546,14086.834045,1,2.99999999999994,0.0299999999999997,7.00000000000003,1,2,66,0.5
594,14103.552545,14092.738045,14092.778545,14103.002045,14185.915545,1,NaN,0,7.00000000000003,1,2,66,0.5
595,14219.754048,14207.132545,14207.291045,NaN,NaN,NaN,NaN,0,5.99999999999996,2,1,65,0.5
596,14226.634545,14225.916545,14226.181048,14226.582045,14228.495049,0,2.99999999999994,0.0299999999999997,5.99999999999996,2,1,65,0.5
597,14236.315545,14235.690546,14235.817545,14236.300045,14236.632543,0,2.99999999999994,0.0299999999999997,5.99999999999996,2,1,65,0.5
598,14239.779045,14239.184045,14239.420545,14239.725545,14240.117047,1,2.99999999999994,0.0299999999999997,7.00000000000003,1,2,66,0.5
599,14243.855045,14242.963543,14243.155045,14243.802045,14283.176045,0,2.99999999999994,0.0299999999999997,5.99999999999996,2,1,65,0.5
600,14320.758545,14308.136545,14308.409045,NaN,14400.724046,NaN,NaN,0,5.99999999999996,2,1,65,0.5
601,14420.630045,14408.008045,14408.210545,NaN,NaN,NaN,NaN,0,5.99999999999996,2,1,65,0.5
602,14568.662049,14567.814545,14568.193047,14568.662049,14568.870045,0,NaN,0,7.00000000000003,1,2,66,0.5
603,14740.666045,14740.019545,14740.328045,14740.666045,14740.764039,0,NaN,0,7.00000000000003,1,2,66,0.5
604,14747.925045,14747.422545,14747.559546,14747.925045,14748.204545,0,NaN,0,7.00000000000003,1,2,66,0.5
605,14857.230545,14844.609045,14844.771545,NaN,NaN,NaN,NaN,0,5.99999999999996,2,1,65,0.5
606,14878.842545,14870.074045,14870.296045,14878.842545,14974.968545,1,NaN,0,5.99999999999996,2,1,65,0.5
607,14988.037045,14986.728045,14986.998545,14987.486545,15022.366545,0,NaN,0,5.99999999999996,2,1,65,0.5
608,15023.715545,15022.928546,15023.265545,15023.663545,15026.471545,1,2.99999999999994,0.0299999999999997,7.00000000000003,1,2,66,0.5
609,15039.881545,15038.935545,15039.274545,15039.829045,15043.153045,0,2.99999999999994,0.0299999999999997,5.99999999999996,2,1,65,0.5
610,15050.933045,15050.137545,15050.381048,15050.880045,15051.657045,0,2.99999999999994,0.0299999999999997,5.99999999999996,2,1,65,0.5
611,15121.323045,15120.599545,15120.794545,15121.270545,15124.000545,0,2.99999999999994,0.0299999999999997,5.99999999999996,2,1,65,0.5
612,15138.452048,15137.421045,15137.655048,15138.399545,15140.650045,0,2.99999999999994,0.0299999999999997,5.99999999999996,2,1,65,0.5
613,15152.141045,15151.172545,15151.641045,15152.089045,15154.130045,1,2.99999999999994,0.0299999999999997,7.00000000000003,1,2,66,0.5
614,15167.686045,15166.900045,15167.147045,15167.684045,15169.870045,0,2.99999999999994,0.0299999999999997,5.99999999999996,2,1,65,0.5
615,15314.600045,15301.979045,15302.238545,NaN,NaN,NaN,NaN,0,5.99999999999996,2,1,65,0.5
616,15399.939545,15387.318545,15387.491045,NaN,NaN,NaN,NaN,0,5.99999999999996,2,1,65,0.5
617,15409.009546,15408.162545,15408.454545,15408.957545,15411.023545,1,2.99999999999994,0.0299999999999997,7.00000000000003,1,2,66,0.5
618,15426.881045,15414.259549,15414.377545,NaN,15513.865045,NaN,NaN,0,5.99999999999996,2,1,65,0.5
619,15515.022045,15514.290549,15514.527545,15515.022045,15515.355545,1,NaN,0,5.99999999999996,2,1,65,0.5
620,15523.832547,15523.208045,15523.397545,15523.821548,15559.612049,0,2.99999999999994,0.0299999999999997,5.99999999999996,2,1,65,0.5
621,15643.395545,15630.773545,15631.063045,NaN,15725.666545,NaN,NaN,0,5.99999999999996,2,1,65,0.5
622,15739.683045,15739.002046,15739.215546,15739.683045,15739.816045,1,NaN,0,5.99999999999996,2,1,65,0.5
623,15827.259049,15826.471045,15826.747549,15827.206045,15829.982045,0,2.99999999999994,0.0299999999999997,5.99999999999996,2,1,65,0.5
624,15833.24155,15832.652545,15832.864545,15833.24155,15838.971047,1,NaN,0,5.99999999999996,2,1,65,0.5
625,15841.947545,15840.965045,15841.190545,15841.894545,15844.487545,0,2.99999999999994,0.0299999999999997,5.99999999999996,2,1,65,0.5
626,15846.911545,15846.260045,15846.516045,15846.859045,15884.706045,0,2.99999999999994,0.0299999999999997,5.99999999999996,2,1,65,0.5
627,15958.831545,15957.228045,15958.022545,15958.779045,15961.851049,1,2.99999999999994,0.0299999999999997,7.00000000000003,1,2,66,0.5
628,15978.603045,15965.982045,15966.121045,NaN,NaN,NaN,NaN,0,5.99999999999996,2,1,65,0.5
629,16106.892039,16105.620546,16105.957545,16106.892039,16115.888045,1,NaN,0,5.99999999999996,2,1,65,0.5
630,16117.398045,16116.596045,16116.837047,16117.398045,16117.790545,1,NaN,0,5.99999999999996,2,1,65,0.5
631,16125.160045,16124.033545,16124.540045,16125.107045,16128.200045,1,2.99999999999994,0.0299999999999997,7.00000000000003,1,2,66,0.5
632,16131.670045,16130.418545,16130.719545,16131.617546,16196.032545,0,2.99999999999994,0.0299999999999997,5.99999999999996,2,1,65,0.5
633,16201.755045,16200.783545,16201.262545,16201.702045,16203.289545,1,2.99999999999994,0.0299999999999997,7.00000000000003,1,2,66,0.5
634,16216.373045,16215.165049,16215.419545,16216.370545,16219.547045,0,2.99999999999994,0.0299999999999997,5.99999999999996,2,1,65,0.5
635,16224.650045,16223.714046,16223.998545,16224.596545,16226.149545,0,2.99999999999994,0.0299999999999997,5.99999999999996,2,1,65,0.5
636,16301.683545,16289.061545,16289.254547,NaN,16566.014545,NaN,NaN,0,5.99999999999996,2,1,65,0.5
637,16567.598045,16566.668545,16567.111045,16567.545545,16570.266545,1,2.99999999999994,0.0299999999999997,7.00000000000003,1,2,66,0.5
638,16572.592045,16571.706045,16572.108045,16572.540045,16575.870045,1,2.99999999999994,0.0299999999999997,7.00000000000003,1,2,66,0.5
639,16577.59205,16576.625045,16577.058545,16577.539546,16580.203045,1,2.99999999999994,0.0299999999999997,7.00000000000003,1,2,66,0.5
640,16583.197545,16581.431045,16582.256545,16583.145045,16584.371545,0,2.99999999999994,0.0299999999999997,5.99999999999996,2,1,65,0.5
641,16601.280045,16600.209045,16600.684545,16601.227045,16604.148545,1,2.99999999999994,0.0299999999999997,7.00000000000003,1,2,66,0.5
642,16607.383545,16606.521045,16606.845545,16607.331045,16610.350045,0,2.99999999999994,0.0299999999999997,5.99999999999996,2,1,65,0.5
643,16615.593049,16614.740545,16615.047545,16615.540045,16617.297545,0,2.99999999999994,0.0299999999999997,5.99999999999996,2,1,65,0.5
644,16705.421545,16704.379545,16704.872045,16705.369048,16762.282045,1,2.99999999999994,0.0299999999999997,7.00000000000003,1,2,66,0.5
645,16785.521045,16784.599045,16784.933545,16785.521045,16785.732046,1,NaN,0,5.99999999999996,2,1,65,0.5
646,16798.864545,16798.241545,16798.475545,16798.857545,16800.532545,0,2.99999999999994,0.0299999999999997,5.99999999999996,2,1,65,0.5
647,16802.162045,16801.623545,16801.821545,16802.162045,16802.343048,1,NaN,0,5.99999999999996,2,1,65,0.5
648,16810.355049,16809.546045,16809.915545,16810.302545,16812.589045,1,2.99999999999994,0.0299999999999997,7.00000000000003,1,2,66,0.5
649,16814.143545,16813.264045,16813.581045,16814.141545,16816.306545,0,2.99999999999994,0.0299999999999997,5.99999999999996,2,1,65,0.5
650,16818.074045,16817.196545,16817.606045,16818.021045,16820.273045,1,2.99999999999994,0.0299999999999997,7.00000000000003,1,2,66,0.5
651,16821.731047,16820.921545,16821.225045,16821.678545,16823.851045,0,2.99999999999994,0.0299999999999997,5.99999999999996,2,1,65,0.5
652,16937.126545,16936.174545,16936.642045,16937.074045,16940.116545,1,2.99999999999994,0.0299999999999997,7.00000000000003,1,2,66,0.5
653,16941.585045,16940.683545,16940.976045,16941.532545,16943.377545,0,2.99999999999994,0.0299999999999997,5.99999999999996,2,1,65,0.5
654,16953.831045,16953.118045,16953.339545,16953.778045,16970.003045,0,2.99999999999994,0.0299999999999997,5.99999999999996,2,1,65,0.5
655,16971.374545,16970.527545,16970.926045,16971.322045,16974.629545,1,2.99999999999994,0.0299999999999997,7.00000000000003,1,2,66,0.5
656,16975.890545,16975.032545,16975.450545,16975.838545,16978.729045,1,2.99999999999994,0.0299999999999997,7.00000000000003,1,2,66,0.5
657,16979.952049,16979.117045,16979.448045,16979.899045,17045.336549,0,2.99999999999994,0.0299999999999997,5.99999999999996,2,1,65,0.5
658,17061.676045,17060.812545,17061.230045,17061.623549,17063.159545,1,2.99999999999994,0.0299999999999997,7.00000000000003,1,2,66,0.5
659,17064.718545,17063.754549,17064.260545,17064.666045,17067.441045,1,2.99999999999994,0.0299999999999997,7.00000000000003,1,2,66,0.5
660,17068.821545,17067.876045,17068.407045,17068.769545,17072.594545,1,2.99999999999994,0.0299999999999997,7.00000000000003,1,2,66,0.5
661,17075.391045,17074.366045,17074.724545,17075.337546,17077.002545,0,2.99999999999994,0.0299999999999997,5.99999999999996,2,1,65,0.5
662,17083.539046,17082.408045,17082.819045,17083.486545,17085.284045,0,2.99999999999994,0.0299999999999997,5.99999999999996,2,1,65,0.5
663,17319.587545,17318.581045,17318.598049,17319.587545,17324.290546,1,NaN,0,5.99999999999996,2,1,65,0.5
664,17394.021045,17392.963545,17393.479045,17393.969045,17417.199545,1,2.99999999999994,0.0299999999999997,7.00000000000003,1,2,66,0.5
665,17437.668045,17436.929045,17437.225545,17437.615545,17438.789549,0,2.99999999999994,0.0299999999999997,5.99999999999996,2,1,65,0.5
666,17462.095045,17461.030545,17461.344545,17462.092045,17462.668045,0,2.99999999999994,0.0299999999999997,5.99999999999996,2,1,65,0.5
667,17475.504045,17474.527545,17475.008045,17475.451049,17477.078045,1,2.99999999999994,0.0299999999999997,7.00000000000003,1,2,66,0.5
668,17478.636045,17477.686545,17478.117045,17478.583545,17480.988545,1,2.99999999999994,0.0299999999999997,7.00000000000003,1,2,66,0.5
669,17482.625547,17481.580545,17482.011545,17482.572545,17485.855545,0,2.99999999999994,0.0299999999999997,5.99999999999996,2,1,65,0.5
670,17492.020045,17488.788545,17489.081045,17492.020045,17496.706545,1,NaN,0,5.99999999999996,2,1,65,0.5
671,17498.789546,17497.832049,17498.080045,17498.736545,17500.238545,0,2.99999999999994,0.0299999999999997,5.99999999999996,2,1,65,0.5
672,17558.374545,17555.304545,17555.810545,17558.321045,17566.545545,1,2.99999999999994,0.0299999999999997,7.00000000000003,1,2,66,0.5
673,17569.490545,17568.252545,17568.942545,17569.438045,17571.773549,1,2.99999999999994,0.0299999999999997,7.00000000000003,1,2,66,0.5
674,17574.324545,17573.437045,17573.748049,17574.271045,17598.833045,0,2.99999999999994,0.0299999999999997,5.99999999999996,2,1,65,0.5
675,17615.980545,17615.172045,17615.405045,17615.977545,17618.134545,0,2.99999999999994,0.0299999999999997,5.99999999999996,2,1,65,0.5
676,17642.863545,17642.046047,17642.143045,17642.810549,17670.094045,0,2.99999999999994,0.0299999999999997,5.99999999999996,2,1,65,0.5
677,17679.745045,17678.741045,17679.181545,17679.692547,17682.371545,1,2.99999999999994,0.0299999999999997,7.00000000000003,1,2,66,0.5
678,17698.523045,17697.311545,17697.611047,17698.470045,17700.228545,0,2.99999999999994,0.0299999999999997,5.99999999999996,2,1,65,0.5
679,17727.820545,17726.924046,17727.200545,17727.818045,17729.690045,0,2.99999999999994,0.0299999999999997,5.99999999999996,2,1,65,0.5
680,17825.463546,17824.093546,17824.827045,17825.411045,17827.628049,1,2.99999999999994,0.0299999999999997,7.00000000000003,1,2,66,0.5
681,17832.746045,17831.644545,17832.079045,17832.693045,17837.316545,1,2.99999999999994,0.0299999999999997,7.00000000000003,1,2,66,0.5
682,17839.226045,17838.31855,17838.773545,17839.172545,17841.247045,1,2.99999999999994,0.0299999999999997,7.00000000000003,1,2,66,0.5
683,17843.615045,17842.549049,17842.894045,17843.563045,17846.542045,0,2.99999999999994,0.0299999999999997,5.99999999999996,2,1,65,0.5
684,17855.991046,17855.021045,17855.461045,17855.938046,17858.642045,1,2.99999999999994,0.0299999999999997,7.00000000000003,1,2,66,0.5
685,17861.418045,17860.383545,17860.88855,17861.365045,17913.100045,1,2.99999999999994,0.0299999999999997,7.00000000000003,1,2,66,0.5
686,17931.431545,17918.809045,17918.993045,NaN,NaN,NaN,NaN,0,5.99999999999996,2,1,65,0.5
687,17947.784045,17946.784545,17947.355045,17947.784045,17974.551045,0,NaN,0,7.00000000000003,1,2,66,0.5
688,17983.213545,17981.130545,17981.265045,17983.213545,17991.492545,0,NaN,0,7.00000000000003,1,2,66,0.5
689,17995.510545,17993.659545,17994.074545,17995.457545,17997.267045,0,2.99999999999994,0.0299999999999997,5.99999999999996,2,1,65,0.5
690,18002.780545,18001.889545,18002.323045,18002.728045,18005.004545,1,2.99999999999994,0.0299999999999997,7.00000000000003,1,2,66,0.5
691,18006.692049,18005.837045,18006.297545,18006.640045,18008.907045,1,2.99999999999994,0.0299999999999997,7.00000000000003,1,2,66,0.5
692,18010.256545,18009.478546,18009.775545,18010.203545,18085.684045,0,2.99999999999994,0.0299999999999997,5.99999999999996,2,1,65,0.5
693,18089.289545,18088.393545,18088.679047,18089.289545,18089.555045,1,NaN,0,5.99999999999996,2,1,65,0.5
694,18216.941545,18215.677045,18216.158045,18216.889045,18232.358545,1,2.99999999999994,0.0299999999999997,7.00000000000003,1,2,66,0.5
695,18237.554546,18236.806545,18237.047545,18237.502047,18240.266042,0,2.99999999999994,0.0299999999999997,5.99999999999996,2,1,65,0.5
696,18264.823045,18263.966045,18264.235545,18264.770045,18266.658545,0,2.99999999999994,0.0299999999999997,5.99999999999996,2,1,65,0.5
697,18273.015545,18272.138545,18272.403545,18272.963047,18274.851545,0,2.99999999999994,0.0299999999999997,5.99999999999996,2,1,65,0.5
698,18294.090045,18281.468545,18281.675045,NaN,18635.501545,NaN,NaN,0,5.99999999999996,2,1,65,0.5
699,18654.236045,18653.296545,18653.605545,18654.236045,18654.394046,1,NaN,0,5.99999999999996,2,1,65,0.5
700,18663.666549,18662.724045,18663.207545,18663.614545,18666.444545,1,2.99999999999994,0.0299999999999997,7.00000000000003,1,2,66,0.5
701,18668.851547,18667.922545,18668.378045,18668.799045,18670.541047,1,2.99999999999994,0.0299999999999997,7.00000000000003,1,2,66,0.5
702,18671.971045,18671.133045,18671.467045,18671.918045,18673.483545,0,2.99999999999994,0.0299999999999997,5.99999999999996,2,1,65,0.5
703,18687.910045,18687.286049,18687.457545,18687.872045,18718.403545,0,2.99999999999994,0.0299999999999997,5.99999999999996,2,1,65,0.5
704,18727.081546,18726.130045,18726.437045,18727.028545,18819.141545,0,2.99999999999994,0.0299999999999997,5.99999999999996,2,1,65,0.5
705,18823.673545,18821.334545,18821.612545,18823.673545,18832.655545,1,NaN,0,5.99999999999996,2,1,65,0.5
706,18834.217045,18833.179045,18833.677045,18834.164545,18838.529545,1,2.99999999999994,0.0299999999999997,7.00000000000003,1,2,66,0.5
707,18840.180045,18839.346049,18839.631045,18840.127045,18844.973545,0,2.99999999999994,0.0299999999999997,5.99999999999996,2,1,65,0.5
708,18846.234049,18845.326045,18845.611045,18846.181545,18848.832545,0,2.99999999999994,0.0299999999999997,5.99999999999996,2,1,65,0.5
709,18850.536545,18849.818045,18850.071545,18850.484045,18852.215045,0,2.99999999999994,0.0299999999999997,5.99999999999996,2,1,65,0.5
710,18853.914045,18853.036545,18853.453045,18853.861545,18855.975045,1,2.99999999999994,0.0299999999999997,7.00000000000003,1,2,66,0.5
711,18857.291545,18856.449047,18856.851545,18857.239045,18860.166545,1,2.99999999999994,0.0299999999999997,7.00000000000003,1,2,66,0.5
712,18861.739545,18860.748045,18861.149545,18861.687045,18864.022045,0,2.99999999999994,0.0299999999999997,5.99999999999996,2,1,65,0.5
713,18865.673545,18865.109045,18865.158545,18865.621045,18868.106045,1,2.99999999999994,0.0299999999999997,7.00000000000003,1,2,66,0.5
714,18869.673045,18868.839039,18869.190549,18869.620545,18871.477545,1,2.99999999999994,0.0299999999999997,7.00000000000003,1,2,66,0.5
715,18872.879045,18872.020045,18872.484547,18872.826045,18876.097045,1,2.99999999999994,0.0299999999999997,7.00000000000003,1,2,66,0.5
716,18878.767545,18877.890045,18878.255047,18878.714545,18886.809045,0,2.99999999999994,0.0299999999999997,5.99999999999996,2,1,65,0.5
717,18892.581549,18891.691545,18892.088545,18892.529045,18895.42005,1,2.99999999999994,0.0299999999999997,7.00000000000003,1,2,66,0.5
718,18896.825047,18895.941545,18896.267045,18896.772545,18897.486545,0,2.99999999999994,0.0299999999999997,5.99999999999996,2,1,65,0.5
719,18902.138545,18901.068045,18901.512045,18902.085045,18906.653045,1,2.99999999999994,0.0299999999999997,7.00000000000003,1,2,66,0.5
720,18913.862045,18907.166045,18907.458045,18913.862045,18913.884545,1,NaN,0,5.99999999999996,2,1,65,0.5
721,18946.165545,18933.544045,18933.948547,NaN,NaN,NaN,NaN,0,7.00000000000003,1,2,66,0.5
722,18967.042545,18965.448045,18965.722545,18966.990045,18996.467045,0,2.99999999999994,0.0299999999999997,5.99999999999996,2,1,65,0.5
723,19009.823545,18997.202045,18997.416545,NaN,19012.885545,NaN,NaN,0,5.99999999999996,2,1,65,0.5
724,19043.498545,19040.903045,19041.104045,19043.498545,19043.873547,1,NaN,0,5.99999999999996,2,1,65,0.5
725,19056.900546,19055.589545,19056.010545,19056.898545,19058.436545,1,2.99999999999994,0.0299999999999997,7.00000000000003,1,2,66,0.5
726,19059.566545,19058.861045,19059.115545,19059.513045,19097.863545,0,2.99999999999994,0.0299999999999997,5.99999999999996,2,1,65,0.5
727,19264.779046,19263.743547,19264.188545,19264.725545,19266.991546,1,2.99999999999994,0.0299999999999997,7.00000000000003,1,2,66,0.5
728,19282.750545,19270.129045,19270.373045,NaN,NaN,NaN,NaN,0,5.99999999999996,2,1,65,0.5
729,19343.630045,19331.008045,19331.321045,NaN,19363.730049,NaN,NaN,0,5.99999999999996,2,1,65,0.5
730,19408.580545,19395.959545,19396.200045,NaN,NaN,NaN,NaN,0,5.99999999999996,2,1,65,0.5
